StartDate,EndDate,Status,Progress,Duration (in seconds),Finished,RecordedDate,ResponseId,DistributionChannel,UserLanguage,consent,Q2_First Click,Q2_Last Click,Q2_Page Submit,Q2_Click Count,BMNL1,Q47_First Click,Q47_Last Click,Q47_Page Submit,Q47_Click Count,BMNT2,Q50_First Click,Q50_Last Click,Q50_Page Submit,Q50_Click Count,BMPT3,Q52_First Click,Q52_Last Click,Q52_Page Submit,Q52_Click Count,BMPL4,Q54_First Click,Q54_Last Click,Q54_Page Submit,Q54_Click Count,BMNL5,Q58_First Click,Q58_Last Click,Q58_Page Submit,Q58_Click Count,BMNT6,Q56_First Click,Q56_Last Click,Q56_Page Submit,Q56_Click Count,BMNL7,Q60_First Click,Q60_Last Click,Q60_Page Submit,Q60_Click Count,BMNT8,Q62_First Click,Q62_Last Click,Q62_Page Submit,Q62_Click Count,BMNL9,Q66_First Click,Q66_Last Click,Q66_Page Submit,Q66_Click Count,BMNT10,Q64_First Click,Q64_Last Click,Q64_Page Submit,Q64_Click Count,BMPT11,Q68_First Click,Q68_Last Click,Q68_Page Submit,Q68_Click Count,BMPT12,Q70_First Click,Q70_Last Click,Q70_Page Submit,Q70_Click Count,BMPT13,Q72_First Click,Q72_Last Click,Q72_Page Submit,Q72_Click Count,BMPL14,Q74_First Click,Q74_Last Click,Q74_Page Submit,Q74_Click Count,BMNL15,Q76_First Click,Q76_Last Click,Q76_Page Submit,Q76_Click Count,BMNT16,Q78_First Click,Q78_Last Click,Q78_Page Submit,Q78_Click Count,BMPT17,Q80_First Click,Q80_Last Click,Q80_Page Submit,Q80_Click Count,BMPL18,Q82_First Click,Q82_Last Click,Q82_Page Submit,Q82_Click Count,BMPT19,Q84_First Click,Q84_Last Click,Q84_Page Submit,Q84_Click Count,BMPL20,Q86_First Click,Q86_Last Click,Q86_Page Submit,Q86_Click Count,WMNL1,Q88_First Click,Q88_Last Click,Q88_Page Submit,Q88_Click Count,WMNT2,Q90_First Click,Q90_Last Click,Q90_Page Submit,Q90_Click Count,WMPT3,Q92_First Click,Q92_Last Click,Q92_Page Submit,Q92_Click Count,WMPL4,Q94_First Click,Q94_Last Click,Q94_Page Submit,Q94_Click Count,WMNL5,Q98_First Click,Q98_Last Click,Q98_Page Submit,Q98_Click Count,WMNT6,Q96_First Click,Q96_Last Click,Q96_Page Submit,Q96_Click Count,WMNL7,Q100_First Click,Q100_Last Click,Q100_Page Submit,Q100_Click Count,WMNT8,Q102_First Click,Q102_Last Click,Q102_Page Submit,Q102_Click Count,WMPT9,Q104_First Click,Q104_Last Click,Q104_Page Submit,Q104_Click Count,WMPL10,Q106_First Click,Q106_Last Click,Q106_Page Submit,Q106_Click Count,WMNL11,Q108_First Click,Q108_Last Click,Q108_Page Submit,Q108_Click Count,WMNT12,Q110_First Click,Q110_Last Click,Q110_Page Submit,Q110_Click Count,WMPT13,Q112_First Click,Q112_Last Click,Q112_Page Submit,Q112_Click Count,WMPL14,Q114_First Click,Q114_Last Click,Q114_Page Submit,Q114_Click Count,WMPT15,Q116_First Click,Q116_Last Click,Q116_Page Submit,Q116_Click Count,WMPL16,Q118_First Click,Q118_Last Click,Q118_Page Submit,Q118_Click Count,WMNL17,Q120_First Click,Q120_Last Click,Q120_Page Submit,Q120_Click Count,WMNT18,Q122_First Click,Q122_Last Click,Q122_Page Submit,Q122_Click Count,WMPT19,Q124_First Click,Q124_Last Click,Q124_Page Submit,Q124_Click Count,WMPL20,Q126_First Click,Q126_Last Click,Q126_Page Submit,Q126_Click Count,BMPT21,Q128_First Click,Q128_Last Click,Q128_Page Submit,Q128_Click Count,BMPL22,Q130_First Click,Q130_Last Click,Q130_Page Submit,Q130_Click Count,BMNL23,Q132_First Click,Q132_Last Click,Q132_Page Submit,Q132_Click Count,BMNT24,Q134_First Click,Q134_Last Click,Q134_Page Submit,Q134_Click Count,BMPT25,Q136_First Click,Q136_Last Click,Q136_Page Submit,Q136_Click Count,BMPL26,Q138_First Click,Q138_Last Click,Q138_Page Submit,Q138_Click Count,BMPT27,Q140_First Click,Q140_Last Click,Q140_Page Submit,Q140_Click Count,BMPL28,Q142_First Click,Q142_Last Click,Q142_Page Submit,Q142_Click Count,BMPT29,Q144_First Click,Q144_Last Click,Q144_Page Submit,Q144_Click Count,BMPL30,Q146_First Click,Q146_Last Click,Q146_Page Submit,Q146_Click Count,BMNL31,Q148_First Click,Q148_Last Click,Q148_Page Submit,Q148_Click Count,BMNT32,Q150_First Click,Q150_Last Click,Q150_Page Submit,Q150_Click Count,BMNL33,Q152_First Click,Q152_Last Click,Q152_Page Submit,Q152_Click Count,BMNT34,Q154_First Click,Q154_Last Click,Q154_Page Submit,Q154_Click Count,BMPT35,Q156_First Click,Q156_Last Click,Q156_Page Submit,Q156_Click Count,BMPL36,Q158_First Click,Q158_Last Click,Q158_Page Submit,Q158_Click Count,BMNL37,Q160_First Click,Q160_Last Click,Q160_Page Submit,Q160_Click Count,BMNT38,Q162_First Click,Q162_Last Click,Q162_Page Submit,Q162_Click Count,BMNL39,Q164_First Click,Q164_Last Click,Q164_Page Submit,Q164_Click Count,BMNT40,Q166_First Click,Q166_Last Click,Q166_Page Submit,Q166_Click Count,WMPT21,Q168_First Click,Q168_Last Click,Q168_Page Submit,Q168_Click Count,WMPL22,Q170_First Click,Q170_Last Click,Q170_Page Submit,Q170_Click Count,WMNL23,Q172_First Click,Q172_Last Click,Q172_Page Submit,Q172_Click Count,WMNT24,Q174_First Click,Q174_Last Click,Q174_Page Submit,Q174_Click Count,WMPT25,Q176_First Click,Q176_Last Click,Q176_Page Submit,Q176_Click Count,WMPL26,Q178_First Click,Q178_Last Click,Q178_Page Submit,Q178_Click Count,WMPT27,Q180_First Click,Q180_Last Click,Q180_Page Submit,Q180_Click Count,WMPL28,Q182_First Click,Q182_Last Click,Q182_Page Submit,Q182_Click Count,WMNL29,Q184_First Click,Q184_Last Click,Q184_Page Submit,Q184_Click Count,WMNT30,Q186_First Click,Q186_Last Click,Q186_Page Submit,Q186_Click Count,WMPT31,Q188_First Click,Q188_Last Click,Q188_Page Submit,Q188_Click Count,WMPL32,Q190_First Click,Q190_Last Click,Q190_Page Submit,Q190_Click Count,WMNL33,Q192_First Click,Q192_Last Click,Q192_Page Submit,Q192_Click Count,WMNT34,Q194_First Click,Q194_Last Click,Q194_Page Submit,Q194_Click Count,WMNL35,Q196_First Click,Q196_Last Click,Q196_Page Submit,Q196_Click Count,WMNT36,Q198_First Click,Q198_Last Click,Q198_Page Submit,Q198_Click Count,WMPT37,Q200_First Click,Q200_Last Click,Q200_Page Submit,Q200_Click Count,WMPL38,Q202_First Click,Q202_Last Click,Q202_Page Submit,Q202_Click Count,WMNL39,Q204_First Click,Q204_Last Click,Q204_Page Submit,Q204_Click Count,WMNT40,EMS1,IMS1,IMS2,EMS2,IMS3,EMS3,IMS4,AttCheck1,EMS4,IMS5,EMS5,elemB,elemW,middB,middW,highB,highW,converB,AttnCheck2,converW,knowB,knowW,age,Ethnicity,race,race_6_TEXT,race_7_TEXT,sex,sex_3_TEXT,personal,SC0,MTurkCode
Start Date,End Date,Response Type,Progress,Duration (in seconds),Finished,Recorded Date,Response ID,Distribution Channel,User Language,"By answering the following questions, you are participating in a study being performed by cognitive scientists in the Stanford Department of Psychology. If you have questions about this research, please contact us at stanfordpsych251@gmail.com. You must be at least 18 years old to participate. Your participation in this research is voluntary. You may decline to answer any or all of the following questions. You may decline further participation, at any time, without adverse consequences. Your anonymity is assured; the researchers who have requested your participation will not receive any personal information about you. We have recently been made aware that your public Amazon.com profile can be accessed via your worker ID if you do not choose to opt out. If you would like to opt out of this feature, you may follow instructions available here.",Timing - First Click,Timing - Last Click,Timing - Page Submit,Timing - Click Count,BMNL1,Timing - First Click,Timing - Last Click,Timing - Page Submit,Timing - Click Count,BMNT2,Timing - First Click,Timing - Last Click,Timing - Page Submit,Timing - Click Count,BMPT3,Timing - First Click,Timing - Last Click,Timing - Page Submit,Timing - Click Count,BMPL4,Timing - First Click,Timing - Last Click,Timing - Page Submit,Timing - Click Count,BMNL5,Timing - First Click,Timing - Last Click,Timing - Page Submit,Timing - Click Count,BMNT6,Timing - First Click,Timing - Last Click,Timing - Page Submit,Timing - Click Count,BMNL7,Timing - First Click,Timing - Last Click,Timing - Page Submit,Timing - Click Count,BMNT8,Timing - First Click,Timing - Last Click,Timing - Page Submit,Timing - Click Count,BMNL9,Timing - First Click,Timing - Last Click,Timing - Page Submit,Timing - Click Count,BMNT10,Timing - First Click,Timing - Last Click,Timing - Page Submit,Timing - Click Count,BMPT11,Timing - First Click,Timing - Last Click,Timing - Page Submit,Timing - Click Count,BMPT12,Timing - First Click,Timing - Last Click,Timing - Page Submit,Timing - Click Count,BMPT13,Timing - First Click,Timing - Last Click,Timing - Page Submit,Timing - Click Count,BMPL14,Timing - First Click,Timing - Last Click,Timing - Page Submit,Timing - Click Count,BMNL15,Timing - First Click,Timing - Last Click,Timing - Page Submit,Timing - Click Count,BMNT16,Timing - First Click,Timing - Last Click,Timing - Page Submit,Timing - Click Count,BMPT17,Timing - First Click,Timing - Last Click,Timing - Page Submit,Timing - Click Count,BMPL18,Timing - First Click,Timing - Last Click,Timing - Page Submit,Timing - Click Count,BMPT19,Timing - First Click,Timing - Last Click,Timing - Page Submit,Timing - Click Count,BMPL20,Timing - First Click,Timing - Last Click,Timing - Page Submit,Timing - Click Count,WMNL1,Timing - First Click,Timing - Last Click,Timing - Page Submit,Timing - Click Count,WMNT2,Timing - First Click,Timing - Last Click,Timing - Page Submit,Timing - Click Count,WMPT3,Timing - First Click,Timing - Last Click,Timing - Page Submit,Timing - Click Count,WMPL4,Timing - First Click,Timing - Last Click,Timing - Page Submit,Timing - Click Count,WMNL5,Timing - First Click,Timing - Last Click,Timing - Page Submit,Timing - Click Count,WMNT6,Timing - First Click,Timing - Last Click,Timing - Page Submit,Timing - Click Count,WMNL7,Timing - First Click,Timing - Last Click,Timing - Page Submit,Timing - Click Count,WMNT8,Timing - First Click,Timing - Last Click,Timing - Page Submit,Timing - Click Count,WMPT9,Timing - First Click,Timing - Last Click,Timing - Page Submit,Timing - Click Count,WMPL10,Timing - First Click,Timing - Last Click,Timing - Page Submit,Timing - Click Count,WMNL11,Timing - First Click,Timing - Last Click,Timing - Page Submit,Timing - Click Count,WMNT12,Timing - First Click,Timing - Last Click,Timing - Page Submit,Timing - Click Count,WMPT13,Timing - First Click,Timing - Last Click,Timing - Page Submit,Timing - Click Count,WMPL14,Timing - First Click,Timing - Last Click,Timing - Page Submit,Timing - Click Count,WMPT15,Timing - First Click,Timing - Last Click,Timing - Page Submit,Timing - Click Count,WMPL16,Timing - First Click,Timing - Last Click,Timing - Page Submit,Timing - Click Count,WMNL17,Timing - First Click,Timing - Last Click,Timing - Page Submit,Timing - Click Count,WMNT18,Timing - First Click,Timing - Last Click,Timing - Page Submit,Timing - Click Count,WMPT19,Timing - First Click,Timing - Last Click,Timing - Page Submit,Timing - Click Count,WMPL20,Timing - First Click,Timing - Last Click,Timing - Page Submit,Timing - Click Count,BMPT21,Timing - First Click,Timing - Last Click,Timing - Page Submit,Timing - Click Count,BMPL22,Timing - First Click,Timing - Last Click,Timing - Page Submit,Timing - Click Count,BMNL23,Timing - First Click,Timing - Last Click,Timing - Page Submit,Timing - Click Count,BMNT24,Timing - First Click,Timing - Last Click,Timing - Page Submit,Timing - Click Count,BMPT25,Timing - First Click,Timing - Last Click,Timing - Page Submit,Timing - Click Count,BMPL26,Timing - First Click,Timing - Last Click,Timing - Page Submit,Timing - Click Count,BMPT27,Timing - First Click,Timing - Last Click,Timing - Page Submit,Timing - Click Count,BMPL28,Timing - First Click,Timing - Last Click,Timing - Page Submit,Timing - Click Count,BMPT29,Timing - First Click,Timing - Last Click,Timing - Page Submit,Timing - Click Count,BMPL30,Timing - First Click,Timing - Last Click,Timing - Page Submit,Timing - Click Count,BMNL31,Timing - First Click,Timing - Last Click,Timing - Page Submit,Timing - Click Count,BMNT32,Timing - First Click,Timing - Last Click,Timing - Page Submit,Timing - Click Count,BMNL33,Timing - First Click,Timing - Last Click,Timing - Page Submit,Timing - Click Count,BMNT34,Timing - First Click,Timing - Last Click,Timing - Page Submit,Timing - Click Count,BMPT35,Timing - First Click,Timing - Last Click,Timing - Page Submit,Timing - Click Count,BMPL36,Timing - First Click,Timing - Last Click,Timing - Page Submit,Timing - Click Count,BMNL37,Timing - First Click,Timing - Last Click,Timing - Page Submit,Timing - Click Count,BMNT38,Timing - First Click,Timing - Last Click,Timing - Page Submit,Timing - Click Count,BMNL39,Timing - First Click,Timing - Last Click,Timing - Page Submit,Timing - Click Count,BMNT40,Timing - First Click,Timing - Last Click,Timing - Page Submit,Timing - Click Count,WMPT21,Timing - First Click,Timing - Last Click,Timing - Page Submit,Timing - Click Count,WMPL22,Timing - First Click,Timing - Last Click,Timing - Page Submit,Timing - Click Count,WMNL23,Timing - First Click,Timing - Last Click,Timing - Page Submit,Timing - Click Count,WMNT24,Timing - First Click,Timing - Last Click,Timing - Page Submit,Timing - Click Count,WMPT25,Timing - First Click,Timing - Last Click,Timing - Page Submit,Timing - Click Count,WMPL26,Timing - First Click,Timing - Last Click,Timing - Page Submit,Timing - Click Count,WMPT27,Timing - First Click,Timing - Last Click,Timing - Page Submit,Timing - Click Count,WMPL28,Timing - First Click,Timing - Last Click,Timing - Page Submit,Timing - Click Count,WMNL29,Timing - First Click,Timing - Last Click,Timing - Page Submit,Timing - Click Count,WMNT30,Timing - First Click,Timing - Last Click,Timing - Page Submit,Timing - Click Count,WMPT31,Timing - First Click,Timing - Last Click,Timing - Page Submit,Timing - Click Count,WMPL32,Timing - First Click,Timing - Last Click,Timing - Page Submit,Timing - Click Count,WMNL33,Timing - First Click,Timing - Last Click,Timing - Page Submit,Timing - Click Count,WMNT34,Timing - First Click,Timing - Last Click,Timing - Page Submit,Timing - Click Count,WMNL35,Timing - First Click,Timing - Last Click,Timing - Page Submit,Timing - Click Count,WMNT36,Timing - First Click,Timing - Last Click,Timing - Page Submit,Timing - Click Count,WMPT37,Timing - First Click,Timing - Last Click,Timing - Page Submit,Timing - Click Count,WMPL38,Timing - First Click,Timing - Last Click,Timing - Page Submit,Timing - Click Count,WMNL39,Timing - First Click,Timing - Last Click,Timing - Page Submit,Timing - Click Count,WMNT40,Because of today's PC (politically correct) standards I try to appear nonprejudiced towards Black people.,"I
attempt to act in nonprejudiced ways toward Black people because it is
personally important to me.","According to my personal
values, using stereotypes about Black people is OK.","I
try to hide any negative thoughts about Black people in order to avoid
negative reactions from others.","I
am personally motivated by my beliefs to be nonprejudiced toward Black
people.","If
I acted prejudiced toward Black people, I would be concerned that others
would be angry with me.","Because of my personal
values, I believe that using stereotypes about Black people is
wrong.","Respond
""5"" to this question to indicate you are closely paying attention to
the survey questions.","I
attempt to appear nonprejudiced toward Black people in order to avoid
disapproval from others.","Being nonprejudiced toward
Black people is important to my self concept.","I try
to act nonprejudiced toward Black people because of pressure from
others.","How many Black friends did
you have in elementary school?","How many White friends did
you have in elementary school?","How many Black friends did
you have in middle school or junior high?","How many White friends did
you have in middle school or junior high?","How
many Black friends did you have in high school?","How many White friends did you
have in high school?","In
an average week’s time, approximately how many Black people do you have
conversations with?","I
am reading carefully, and will therefore answer ""Strongly Disagree.""","In
an average week’s time, approximately how many White people do you have
conversations with?","In
your town, how many Blacks do you know on a first name basis who also know you
on a first name basis?","In
your town, how many Whites do you know on a first name basis who also know you
on a first name basis?",Age,Ethnicity,Race - Selected Choice,Race - Bi- or Multiracial (please specify) - Text,Race - Other (please specify) - Text,What is your sex? - Selected Choice,What is your sex? - Do not identify as either or prefer not to say (you may specify if desired) - Text,"Please enter a personal
pass phrase that you will be asked to enter on the mTurk website (this will be
used to verify that only individuals who actually participated in the study
receive payment.) YOU MUST COMPLETE
THIS PORTION TO RECEIVE PAYMENT. 

   

Please make this something that you can remember and is unlikely to be used by
another participant, but does not directly identify you. You might use a
favorite author and part of your phone number, or a sports team and a
meaningful date (Dickens6126, Bengals8913). 


   

Please record your personal pass phrase:",Score,MTurkCode
"{""ImportId"":""startDate"",""timeZone"":""America/Denver""}","{""ImportId"":""endDate"",""timeZone"":""America/Denver""}","{""ImportId"":""status""}","{""ImportId"":""progress""}","{""ImportId"":""duration""}","{""ImportId"":""finished""}","{""ImportId"":""recordedDate"",""timeZone"":""America/Denver""}","{""ImportId"":""_recordId""}","{""ImportId"":""distributionChannel""}","{""ImportId"":""userLanguage""}","{""ImportId"":""QID1""}","{""ImportId"":""QID3_FIRST_CLICK""}","{""ImportId"":""QID3_LAST_CLICK""}","{""ImportId"":""QID3_PAGE_SUBMIT""}","{""ImportId"":""QID3_CLICK_COUNT""}","{""ImportId"":""QID5""}","{""ImportId"":""QID47_FIRST_CLICK""}","{""ImportId"":""QID47_LAST_CLICK""}","{""ImportId"":""QID47_PAGE_SUBMIT""}","{""ImportId"":""QID47_CLICK_COUNT""}","{""ImportId"":""QID48""}","{""ImportId"":""QID50_FIRST_CLICK""}","{""ImportId"":""QID50_LAST_CLICK""}","{""ImportId"":""QID50_PAGE_SUBMIT""}","{""ImportId"":""QID50_CLICK_COUNT""}","{""ImportId"":""QID51""}","{""ImportId"":""QID52_FIRST_CLICK""}","{""ImportId"":""QID52_LAST_CLICK""}","{""ImportId"":""QID52_PAGE_SUBMIT""}","{""ImportId"":""QID52_CLICK_COUNT""}","{""ImportId"":""QID53""}","{""ImportId"":""QID54_FIRST_CLICK""}","{""ImportId"":""QID54_LAST_CLICK""}","{""ImportId"":""QID54_PAGE_SUBMIT""}","{""ImportId"":""QID54_CLICK_COUNT""}","{""ImportId"":""QID55""}","{""ImportId"":""QID58_FIRST_CLICK""}","{""ImportId"":""QID58_LAST_CLICK""}","{""ImportId"":""QID58_PAGE_SUBMIT""}","{""ImportId"":""QID58_CLICK_COUNT""}","{""ImportId"":""QID59""}","{""ImportId"":""QID56_FIRST_CLICK""}","{""ImportId"":""QID56_LAST_CLICK""}","{""ImportId"":""QID56_PAGE_SUBMIT""}","{""ImportId"":""QID56_CLICK_COUNT""}","{""ImportId"":""QID57""}","{""ImportId"":""QID60_FIRST_CLICK""}","{""ImportId"":""QID60_LAST_CLICK""}","{""ImportId"":""QID60_PAGE_SUBMIT""}","{""ImportId"":""QID60_CLICK_COUNT""}","{""ImportId"":""QID61""}","{""ImportId"":""QID62_FIRST_CLICK""}","{""ImportId"":""QID62_LAST_CLICK""}","{""ImportId"":""QID62_PAGE_SUBMIT""}","{""ImportId"":""QID62_CLICK_COUNT""}","{""ImportId"":""QID63""}","{""ImportId"":""QID66_FIRST_CLICK""}","{""ImportId"":""QID66_LAST_CLICK""}","{""ImportId"":""QID66_PAGE_SUBMIT""}","{""ImportId"":""QID66_CLICK_COUNT""}","{""ImportId"":""QID67""}","{""ImportId"":""QID64_FIRST_CLICK""}","{""ImportId"":""QID64_LAST_CLICK""}","{""ImportId"":""QID64_PAGE_SUBMIT""}","{""ImportId"":""QID64_CLICK_COUNT""}","{""ImportId"":""QID65""}","{""ImportId"":""QID68_FIRST_CLICK""}","{""ImportId"":""QID68_LAST_CLICK""}","{""ImportId"":""QID68_PAGE_SUBMIT""}","{""ImportId"":""QID68_CLICK_COUNT""}","{""ImportId"":""QID69""}","{""ImportId"":""QID70_FIRST_CLICK""}","{""ImportId"":""QID70_LAST_CLICK""}","{""ImportId"":""QID70_PAGE_SUBMIT""}","{""ImportId"":""QID70_CLICK_COUNT""}","{""ImportId"":""QID71""}","{""ImportId"":""QID72_FIRST_CLICK""}","{""ImportId"":""QID72_LAST_CLICK""}","{""ImportId"":""QID72_PAGE_SUBMIT""}","{""ImportId"":""QID72_CLICK_COUNT""}","{""ImportId"":""QID73""}","{""ImportId"":""QID74_FIRST_CLICK""}","{""ImportId"":""QID74_LAST_CLICK""}","{""ImportId"":""QID74_PAGE_SUBMIT""}","{""ImportId"":""QID74_CLICK_COUNT""}","{""ImportId"":""QID75""}","{""ImportId"":""QID76_FIRST_CLICK""}","{""ImportId"":""QID76_LAST_CLICK""}","{""ImportId"":""QID76_PAGE_SUBMIT""}","{""ImportId"":""QID76_CLICK_COUNT""}","{""ImportId"":""QID77""}","{""ImportId"":""QID78_FIRST_CLICK""}","{""ImportId"":""QID78_LAST_CLICK""}","{""ImportId"":""QID78_PAGE_SUBMIT""}","{""ImportId"":""QID78_CLICK_COUNT""}","{""ImportId"":""QID79""}","{""ImportId"":""QID80_FIRST_CLICK""}","{""ImportId"":""QID80_LAST_CLICK""}","{""ImportId"":""QID80_PAGE_SUBMIT""}","{""ImportId"":""QID80_CLICK_COUNT""}","{""ImportId"":""QID81""}","{""ImportId"":""QID82_FIRST_CLICK""}","{""ImportId"":""QID82_LAST_CLICK""}","{""ImportId"":""QID82_PAGE_SUBMIT""}","{""ImportId"":""QID82_CLICK_COUNT""}","{""ImportId"":""QID83""}","{""ImportId"":""QID84_FIRST_CLICK""}","{""ImportId"":""QID84_LAST_CLICK""}","{""ImportId"":""QID84_PAGE_SUBMIT""}","{""ImportId"":""QID84_CLICK_COUNT""}","{""ImportId"":""QID85""}","{""ImportId"":""QID86_FIRST_CLICK""}","{""ImportId"":""QID86_LAST_CLICK""}","{""ImportId"":""QID86_PAGE_SUBMIT""}","{""ImportId"":""QID86_CLICK_COUNT""}","{""ImportId"":""QID87""}","{""ImportId"":""QID88_FIRST_CLICK""}","{""ImportId"":""QID88_LAST_CLICK""}","{""ImportId"":""QID88_PAGE_SUBMIT""}","{""ImportId"":""QID88_CLICK_COUNT""}","{""ImportId"":""QID89""}","{""ImportId"":""QID90_FIRST_CLICK""}","{""ImportId"":""QID90_LAST_CLICK""}","{""ImportId"":""QID90_PAGE_SUBMIT""}","{""ImportId"":""QID90_CLICK_COUNT""}","{""ImportId"":""QID91""}","{""ImportId"":""QID92_FIRST_CLICK""}","{""ImportId"":""QID92_LAST_CLICK""}","{""ImportId"":""QID92_PAGE_SUBMIT""}","{""ImportId"":""QID92_CLICK_COUNT""}","{""ImportId"":""QID93""}","{""ImportId"":""QID94_FIRST_CLICK""}","{""ImportId"":""QID94_LAST_CLICK""}","{""ImportId"":""QID94_PAGE_SUBMIT""}","{""ImportId"":""QID94_CLICK_COUNT""}","{""ImportId"":""QID95""}","{""ImportId"":""QID98_FIRST_CLICK""}","{""ImportId"":""QID98_LAST_CLICK""}","{""ImportId"":""QID98_PAGE_SUBMIT""}","{""ImportId"":""QID98_CLICK_COUNT""}","{""ImportId"":""QID99""}","{""ImportId"":""QID96_FIRST_CLICK""}","{""ImportId"":""QID96_LAST_CLICK""}","{""ImportId"":""QID96_PAGE_SUBMIT""}","{""ImportId"":""QID96_CLICK_COUNT""}","{""ImportId"":""QID97""}","{""ImportId"":""QID100_FIRST_CLICK""}","{""ImportId"":""QID100_LAST_CLICK""}","{""ImportId"":""QID100_PAGE_SUBMIT""}","{""ImportId"":""QID100_CLICK_COUNT""}","{""ImportId"":""QID101""}","{""ImportId"":""QID102_FIRST_CLICK""}","{""ImportId"":""QID102_LAST_CLICK""}","{""ImportId"":""QID102_PAGE_SUBMIT""}","{""ImportId"":""QID102_CLICK_COUNT""}","{""ImportId"":""QID103""}","{""ImportId"":""QID104_FIRST_CLICK""}","{""ImportId"":""QID104_LAST_CLICK""}","{""ImportId"":""QID104_PAGE_SUBMIT""}","{""ImportId"":""QID104_CLICK_COUNT""}","{""ImportId"":""QID105""}","{""ImportId"":""QID106_FIRST_CLICK""}","{""ImportId"":""QID106_LAST_CLICK""}","{""ImportId"":""QID106_PAGE_SUBMIT""}","{""ImportId"":""QID106_CLICK_COUNT""}","{""ImportId"":""QID107""}","{""ImportId"":""QID108_FIRST_CLICK""}","{""ImportId"":""QID108_LAST_CLICK""}","{""ImportId"":""QID108_PAGE_SUBMIT""}","{""ImportId"":""QID108_CLICK_COUNT""}","{""ImportId"":""QID109""}","{""ImportId"":""QID110_FIRST_CLICK""}","{""ImportId"":""QID110_LAST_CLICK""}","{""ImportId"":""QID110_PAGE_SUBMIT""}","{""ImportId"":""QID110_CLICK_COUNT""}","{""ImportId"":""QID111""}","{""ImportId"":""QID112_FIRST_CLICK""}","{""ImportId"":""QID112_LAST_CLICK""}","{""ImportId"":""QID112_PAGE_SUBMIT""}","{""ImportId"":""QID112_CLICK_COUNT""}","{""ImportId"":""QID113""}","{""ImportId"":""QID114_FIRST_CLICK""}","{""ImportId"":""QID114_LAST_CLICK""}","{""ImportId"":""QID114_PAGE_SUBMIT""}","{""ImportId"":""QID114_CLICK_COUNT""}","{""ImportId"":""QID115""}","{""ImportId"":""QID116_FIRST_CLICK""}","{""ImportId"":""QID116_LAST_CLICK""}","{""ImportId"":""QID116_PAGE_SUBMIT""}","{""ImportId"":""QID116_CLICK_COUNT""}","{""ImportId"":""QID117""}","{""ImportId"":""QID118_FIRST_CLICK""}","{""ImportId"":""QID118_LAST_CLICK""}","{""ImportId"":""QID118_PAGE_SUBMIT""}","{""ImportId"":""QID118_CLICK_COUNT""}","{""ImportId"":""QID119""}","{""ImportId"":""QID120_FIRST_CLICK""}","{""ImportId"":""QID120_LAST_CLICK""}","{""ImportId"":""QID120_PAGE_SUBMIT""}","{""ImportId"":""QID120_CLICK_COUNT""}","{""ImportId"":""QID121""}","{""ImportId"":""QID122_FIRST_CLICK""}","{""ImportId"":""QID122_LAST_CLICK""}","{""ImportId"":""QID122_PAGE_SUBMIT""}","{""ImportId"":""QID122_CLICK_COUNT""}","{""ImportId"":""QID123""}","{""ImportId"":""QID124_FIRST_CLICK""}","{""ImportId"":""QID124_LAST_CLICK""}","{""ImportId"":""QID124_PAGE_SUBMIT""}","{""ImportId"":""QID124_CLICK_COUNT""}","{""ImportId"":""QID125""}","{""ImportId"":""QID126_FIRST_CLICK""}","{""ImportId"":""QID126_LAST_CLICK""}","{""ImportId"":""QID126_PAGE_SUBMIT""}","{""ImportId"":""QID126_CLICK_COUNT""}","{""ImportId"":""QID127""}","{""ImportId"":""QID128_FIRST_CLICK""}","{""ImportId"":""QID128_LAST_CLICK""}","{""ImportId"":""QID128_PAGE_SUBMIT""}","{""ImportId"":""QID128_CLICK_COUNT""}","{""ImportId"":""QID129""}","{""ImportId"":""QID130_FIRST_CLICK""}","{""ImportId"":""QID130_LAST_CLICK""}","{""ImportId"":""QID130_PAGE_SUBMIT""}","{""ImportId"":""QID130_CLICK_COUNT""}","{""ImportId"":""QID131""}","{""ImportId"":""QID132_FIRST_CLICK""}","{""ImportId"":""QID132_LAST_CLICK""}","{""ImportId"":""QID132_PAGE_SUBMIT""}","{""ImportId"":""QID132_CLICK_COUNT""}","{""ImportId"":""QID133""}","{""ImportId"":""QID134_FIRST_CLICK""}","{""ImportId"":""QID134_LAST_CLICK""}","{""ImportId"":""QID134_PAGE_SUBMIT""}","{""ImportId"":""QID134_CLICK_COUNT""}","{""ImportId"":""QID135""}","{""ImportId"":""QID136_FIRST_CLICK""}","{""ImportId"":""QID136_LAST_CLICK""}","{""ImportId"":""QID136_PAGE_SUBMIT""}","{""ImportId"":""QID136_CLICK_COUNT""}","{""ImportId"":""QID137""}","{""ImportId"":""QID138_FIRST_CLICK""}","{""ImportId"":""QID138_LAST_CLICK""}","{""ImportId"":""QID138_PAGE_SUBMIT""}","{""ImportId"":""QID138_CLICK_COUNT""}","{""ImportId"":""QID139""}","{""ImportId"":""QID140_FIRST_CLICK""}","{""ImportId"":""QID140_LAST_CLICK""}","{""ImportId"":""QID140_PAGE_SUBMIT""}","{""ImportId"":""QID140_CLICK_COUNT""}","{""ImportId"":""QID141""}","{""ImportId"":""QID142_FIRST_CLICK""}","{""ImportId"":""QID142_LAST_CLICK""}","{""ImportId"":""QID142_PAGE_SUBMIT""}","{""ImportId"":""QID142_CLICK_COUNT""}","{""ImportId"":""QID143""}","{""ImportId"":""QID144_FIRST_CLICK""}","{""ImportId"":""QID144_LAST_CLICK""}","{""ImportId"":""QID144_PAGE_SUBMIT""}","{""ImportId"":""QID144_CLICK_COUNT""}","{""ImportId"":""QID145""}","{""ImportId"":""QID146_FIRST_CLICK""}","{""ImportId"":""QID146_LAST_CLICK""}","{""ImportId"":""QID146_PAGE_SUBMIT""}","{""ImportId"":""QID146_CLICK_COUNT""}","{""ImportId"":""QID147""}","{""ImportId"":""QID148_FIRST_CLICK""}","{""ImportId"":""QID148_LAST_CLICK""}","{""ImportId"":""QID148_PAGE_SUBMIT""}","{""ImportId"":""QID148_CLICK_COUNT""}","{""ImportId"":""QID149""}","{""ImportId"":""QID150_FIRST_CLICK""}","{""ImportId"":""QID150_LAST_CLICK""}","{""ImportId"":""QID150_PAGE_SUBMIT""}","{""ImportId"":""QID150_CLICK_COUNT""}","{""ImportId"":""QID151""}","{""ImportId"":""QID152_FIRST_CLICK""}","{""ImportId"":""QID152_LAST_CLICK""}","{""ImportId"":""QID152_PAGE_SUBMIT""}","{""ImportId"":""QID152_CLICK_COUNT""}","{""ImportId"":""QID153""}","{""ImportId"":""QID154_FIRST_CLICK""}","{""ImportId"":""QID154_LAST_CLICK""}","{""ImportId"":""QID154_PAGE_SUBMIT""}","{""ImportId"":""QID154_CLICK_COUNT""}","{""ImportId"":""QID155""}","{""ImportId"":""QID156_FIRST_CLICK""}","{""ImportId"":""QID156_LAST_CLICK""}","{""ImportId"":""QID156_PAGE_SUBMIT""}","{""ImportId"":""QID156_CLICK_COUNT""}","{""ImportId"":""QID157""}","{""ImportId"":""QID158_FIRST_CLICK""}","{""ImportId"":""QID158_LAST_CLICK""}","{""ImportId"":""QID158_PAGE_SUBMIT""}","{""ImportId"":""QID158_CLICK_COUNT""}","{""ImportId"":""QID159""}","{""ImportId"":""QID160_FIRST_CLICK""}","{""ImportId"":""QID160_LAST_CLICK""}","{""ImportId"":""QID160_PAGE_SUBMIT""}","{""ImportId"":""QID160_CLICK_COUNT""}","{""ImportId"":""QID161""}","{""ImportId"":""QID162_FIRST_CLICK""}","{""ImportId"":""QID162_LAST_CLICK""}","{""ImportId"":""QID162_PAGE_SUBMIT""}","{""ImportId"":""QID162_CLICK_COUNT""}","{""ImportId"":""QID163""}","{""ImportId"":""QID164_FIRST_CLICK""}","{""ImportId"":""QID164_LAST_CLICK""}","{""ImportId"":""QID164_PAGE_SUBMIT""}","{""ImportId"":""QID164_CLICK_COUNT""}","{""ImportId"":""QID165""}","{""ImportId"":""QID166_FIRST_CLICK""}","{""ImportId"":""QID166_LAST_CLICK""}","{""ImportId"":""QID166_PAGE_SUBMIT""}","{""ImportId"":""QID166_CLICK_COUNT""}","{""ImportId"":""QID167""}","{""ImportId"":""QID168_FIRST_CLICK""}","{""ImportId"":""QID168_LAST_CLICK""}","{""ImportId"":""QID168_PAGE_SUBMIT""}","{""ImportId"":""QID168_CLICK_COUNT""}","{""ImportId"":""QID169""}","{""ImportId"":""QID170_FIRST_CLICK""}","{""ImportId"":""QID170_LAST_CLICK""}","{""ImportId"":""QID170_PAGE_SUBMIT""}","{""ImportId"":""QID170_CLICK_COUNT""}","{""ImportId"":""QID171""}","{""ImportId"":""QID172_FIRST_CLICK""}","{""ImportId"":""QID172_LAST_CLICK""}","{""ImportId"":""QID172_PAGE_SUBMIT""}","{""ImportId"":""QID172_CLICK_COUNT""}","{""ImportId"":""QID173""}","{""ImportId"":""QID174_FIRST_CLICK""}","{""ImportId"":""QID174_LAST_CLICK""}","{""ImportId"":""QID174_PAGE_SUBMIT""}","{""ImportId"":""QID174_CLICK_COUNT""}","{""ImportId"":""QID175""}","{""ImportId"":""QID176_FIRST_CLICK""}","{""ImportId"":""QID176_LAST_CLICK""}","{""ImportId"":""QID176_PAGE_SUBMIT""}","{""ImportId"":""QID176_CLICK_COUNT""}","{""ImportId"":""QID177""}","{""ImportId"":""QID178_FIRST_CLICK""}","{""ImportId"":""QID178_LAST_CLICK""}","{""ImportId"":""QID178_PAGE_SUBMIT""}","{""ImportId"":""QID178_CLICK_COUNT""}","{""ImportId"":""QID179""}","{""ImportId"":""QID180_FIRST_CLICK""}","{""ImportId"":""QID180_LAST_CLICK""}","{""ImportId"":""QID180_PAGE_SUBMIT""}","{""ImportId"":""QID180_CLICK_COUNT""}","{""ImportId"":""QID181""}","{""ImportId"":""QID182_FIRST_CLICK""}","{""ImportId"":""QID182_LAST_CLICK""}","{""ImportId"":""QID182_PAGE_SUBMIT""}","{""ImportId"":""QID182_CLICK_COUNT""}","{""ImportId"":""QID183""}","{""ImportId"":""QID184_FIRST_CLICK""}","{""ImportId"":""QID184_LAST_CLICK""}","{""ImportId"":""QID184_PAGE_SUBMIT""}","{""ImportId"":""QID184_CLICK_COUNT""}","{""ImportId"":""QID185""}","{""ImportId"":""QID186_FIRST_CLICK""}","{""ImportId"":""QID186_LAST_CLICK""}","{""ImportId"":""QID186_PAGE_SUBMIT""}","{""ImportId"":""QID186_CLICK_COUNT""}","{""ImportId"":""QID187""}","{""ImportId"":""QID188_FIRST_CLICK""}","{""ImportId"":""QID188_LAST_CLICK""}","{""ImportId"":""QID188_PAGE_SUBMIT""}","{""ImportId"":""QID188_CLICK_COUNT""}","{""ImportId"":""QID189""}","{""ImportId"":""QID190_FIRST_CLICK""}","{""ImportId"":""QID190_LAST_CLICK""}","{""ImportId"":""QID190_PAGE_SUBMIT""}","{""ImportId"":""QID190_CLICK_COUNT""}","{""ImportId"":""QID191""}","{""ImportId"":""QID192_FIRST_CLICK""}","{""ImportId"":""QID192_LAST_CLICK""}","{""ImportId"":""QID192_PAGE_SUBMIT""}","{""ImportId"":""QID192_CLICK_COUNT""}","{""ImportId"":""QID193""}","{""ImportId"":""QID194_FIRST_CLICK""}","{""ImportId"":""QID194_LAST_CLICK""}","{""ImportId"":""QID194_PAGE_SUBMIT""}","{""ImportId"":""QID194_CLICK_COUNT""}","{""ImportId"":""QID195""}","{""ImportId"":""QID196_FIRST_CLICK""}","{""ImportId"":""QID196_LAST_CLICK""}","{""ImportId"":""QID196_PAGE_SUBMIT""}","{""ImportId"":""QID196_CLICK_COUNT""}","{""ImportId"":""QID197""}","{""ImportId"":""QID198_FIRST_CLICK""}","{""ImportId"":""QID198_LAST_CLICK""}","{""ImportId"":""QID198_PAGE_SUBMIT""}","{""ImportId"":""QID198_CLICK_COUNT""}","{""ImportId"":""QID199""}","{""ImportId"":""QID200_FIRST_CLICK""}","{""ImportId"":""QID200_LAST_CLICK""}","{""ImportId"":""QID200_PAGE_SUBMIT""}","{""ImportId"":""QID200_CLICK_COUNT""}","{""ImportId"":""QID201""}","{""ImportId"":""QID202_FIRST_CLICK""}","{""ImportId"":""QID202_LAST_CLICK""}","{""ImportId"":""QID202_PAGE_SUBMIT""}","{""ImportId"":""QID202_CLICK_COUNT""}","{""ImportId"":""QID203""}","{""ImportId"":""QID204_FIRST_CLICK""}","{""ImportId"":""QID204_LAST_CLICK""}","{""ImportId"":""QID204_PAGE_SUBMIT""}","{""ImportId"":""QID204_CLICK_COUNT""}","{""ImportId"":""QID205""}","{""ImportId"":""QID8""}","{""ImportId"":""QID9""}","{""ImportId"":""QID11""}","{""ImportId"":""QID12""}","{""ImportId"":""QID13""}","{""ImportId"":""QID14""}","{""ImportId"":""QID15""}","{""ImportId"":""QID16""}","{""ImportId"":""QID17""}","{""ImportId"":""QID18""}","{""ImportId"":""QID19""}","{""ImportId"":""QID21""}","{""ImportId"":""QID22""}","{""ImportId"":""QID23""}","{""ImportId"":""QID30""}","{""ImportId"":""QID31""}","{""ImportId"":""QID32""}","{""ImportId"":""QID33""}","{""ImportId"":""QID34""}","{""ImportId"":""QID35""}","{""ImportId"":""QID36""}","{""ImportId"":""QID37""}","{""ImportId"":""QID39_TEXT""}","{""ImportId"":""QID40""}","{""ImportId"":""QID41""}","{""ImportId"":""QID41_6_TEXT""}","{""ImportId"":""QID41_7_TEXT""}","{""ImportId"":""QID42""}","{""ImportId"":""QID42_3_TEXT""}","{""ImportId"":""QID44_TEXT""}","{""ImportId"":""SC_ahCBzvIJNfJYbE9""}","{""ImportId"":""MTurkCode""}"
2018-10-30 17:08:00,2018-10-30 17:08:11,0,3,11,0,2018-11-06 16:08:15,R_cw0QsyEweoT3JEB,anonymous,EN,1,,,,,,,,,,,,,,,,,,,,,,,,,,,,,,,,,,,,,,,,,,,,,,,,,,,,,,,,,,,,,,,,,,,,,,,,,,,,,,,,,,,,,,,,,,,,,,,,,,,,,,,,,,,,,,,,,,,,,,,,,,,,,,,,,,,,,,,,,,,,,,,,,,,,,,,,,,,,,,,,,,,,,,,,,,,,,,,,,,,,,,,,,,,,,,,,,,,,,,,,,,,,,,,,,,,,,,,,,,,,,,,,,,,,,,,,,,,,,,,,,,,,,,,,,,,,,,,,,,,,,,,,,,,,,,,,,,,,,,,,,,,,,,,,,,,,,,,,,,,,,,,,,,,,,,,,,,,,,,,,,,,,,,,,,,,,,,,,,,,,,,,,,,,,,,,,,,,,,,,,,,,,,,,,,,,,,,,,,,,,,,,,,,,,,,,,,,,,,,,,,,,,,,,,,,,,,,,,,,,,,,,,,,,,,,,0,
2018-10-30 17:06:13,2018-10-30 17:08:13,0,8,120,0,2018-11-06 16:08:15,R_1oIvnvNy8jqwAkf,anonymous,EN,1,13.875,20.523,38.215,4,1,9.544,21.04,38.326,3,-1,,,,,,,,,,,,,,,,,,,,,,,,,,,,,,,,,,,,,,,,,,,,,,,,,,,,,,,,,,,,,,,,,,,,,,,,,,,,,,,,,,,,,,,,,,,,,,,,,,,,,,,,,,,,,,,,,,,,,,,,,,,,,,,,,,,,,,,,,,,,,,,,,,,,,,,,,,,,,,,,,,,,,,,,,,,,,,,,,,,,,,,,,,,,,,,,,,,,,,,,,,,,,,,,,,,,,,,,,,,,,,,,,,,,,,,,,,,,,,,,,,,,,,,,,,,,,,,,,,,,,,,,,,,,,,,,,,,,,,,,,,,,,,,,,,,,,,,,,,,,,,,,,,,,,,,,,,,,,,,,,,,,,,,,,,,,,,,,,,,,,,,,,,,,,,,,,,,,,,,,,,,,,,,,,,,,,,,,,,,,,,,,,,,,,,,,,,,,,,,,,,,,,,,,,,,,,,,,,,,,,1,
2018-11-13 16:39:51,2018-11-13 16:39:57,1,100,6,1,2018-11-13 16:39:57,R_3RwmtrKjV6XWDvE,preview,EN,2,,,,,,,,,,,,,,,,,,,,,,,,,,,,,,,,,,,,,,,,,,,,,,,,,,,,,,,,,,,,,,,,,,,,,,,,,,,,,,,,,,,,,,,,,,,,,,,,,,,,,,,,,,,,,,,,,,,,,,,,,,,,,,,,,,,,,,,,,,,,,,,,,,,,,,,,,,,,,,,,,,,,,,,,,,,,,,,,,,,,,,,,,,,,,,,,,,,,,,,,,,,,,,,,,,,,,,,,,,,,,,,,,,,,,,,,,,,,,,,,,,,,,,,,,,,,,,,,,,,,,,,,,,,,,,,,,,,,,,,,,,,,,,,,,,,,,,,,,,,,,,,,,,,,,,,,,,,,,,,,,,,,,,,,,,,,,,,,,,,,,,,,,,,,,,,,,,,,,,,,,,,,,,,,,,,,,,,,,,,,,,,,,,,,,,,,,,,,,,,,,,,,,,,,,,,,,,,,,,,,,,,,,,,,,,,0,
2018-11-13 16:39:59,2018-11-13 16:40:03,1,100,3,1,2018-11-13 16:40:03,R_1pL2RpGdTj6tDLa,preview,EN,1,,,,,,,,,,,,,,,,,,,,,,,,,,,,,,,,,,,,,,,,,,,,,,,,,,,,,,,,,,,,,,,,,,,,,,,,,,,,,,,,,,,,,,,,,,,,,,,,,,,,,,,,,,,,,,,,,,,,,,,,,,,,,,,,,,,,,,,,,,,,,,,,,,,,,,,,,,,,,,,,,,,,,,,,,,,,,,,,,,,,,,,,,,,,,,,,,,,,,,,,,,,,,,,,,,,,,,,,,,,,,,,,,,,,,,,,,,,,,,,,,,,,,,,,,,,,,,,,,,,,,,,,,,,,,,,,,,,,,,,,,,,,,,,,,,,,,,,,,,,,,,,,,,,,,,,,,,,,,,,,,,,,,,,,,,,,,,,,,,,,,,,,,,,,,,,,,,,,,,,,,,,,,,,,,,,,,,,,,,,,,,,,,,,,,,,,,,,,,,,,,,,,,,,,,,,,,,,,,,,,,,,,,,,,,,,0,
2018-11-13 16:40:39,2018-11-13 16:40:46,1,100,6,1,2018-11-13 16:40:46,R_1i3XHMav0QClQ9C,preview,EN,1,,,,,,,,,,,,,,,,,,,,,,,,,,,,,,,,,,,,,,,,,,,,,,,,,,,,,,,,,,,,,,,,,,,,,,,,,,,,,,,,,,,,,,,,,,,,,,,,,,,,,,,,,,,,,,,,,,,,,,,,,,,,,,,,,,,,,,,,,,,,,,,,,,,,,,,,,,,,,,,,,,,,,,,,,,,,,,,,,,,,,,,,,,,,,,,,,,,,,,,,,,,,,,,,,,,,,,,,,,,,,,,,,,,,,,,,,,,,,,,,,,,,,,,,,,,,,,,,,,,,,,,,,,,,,,,,,,,,,,,,,,,,,,,,,,,,,,,,,,,,,,,,,,,,,,,,,,,,,,,,,,,,,,,,,,,,,,,,,,,,,,,,,,,,,,,,,,,,,,,,,,,,,,,,,,,,,,,,,,,,,,,,,,,,,,,,,,,,,,,,,,,,,,,,,,,,,,,,,,,,,,,,,,,,,,,0,
2018-11-18 20:34:33,2018-11-18 20:34:40,1,100,6,1,2018-11-18 20:34:40,R_qQRUtWQVT5Twd4B,preview,EN,2,,,,,,,,,,,,,,,,,,,,,,,,,,,,,,,,,,,,,,,,,,,,,,,,,,,,,,,,,,,,,,,,,,,,,,,,,,,,,,,,,,,,,,,,,,,,,,,,,,,,,,,,,,,,,,,,,,,,,,,,,,,,,,,,,,,,,,,,,,,,,,,,,,,,,,,,,,,,,,,,,,,,,,,,,,,,,,,,,,,,,,,,,,,,,,,,,,,,,,,,,,,,,,,,,,,,,,,,,,,,,,,,,,,,,,,,,,,,,,,,,,,,,,,,,,,,,,,,,,,,,,,,,,,,,,,,,,,,,,,,,,,,,,,,,,,,,,,,,,,,,,,,,,,,,,,,,,,,,,,,,,,,,,,,,,,,,,,,,,,,,,,,,,,,,,,,,,,,,,,,,,,,,,,,,,,,,,,,,,,,,,,,,,,,,,,,,,,,,,,,,,,,,,,,,,,,,,,,,,,,,,,,,,,,,,,0,
2018-11-18 20:42:15,2018-11-18 20:42:20,1,100,5,1,2018-11-18 20:42:21,R_3GrmE9WOAPk8FWN,preview,EN,2,,,,,,,,,,,,,,,,,,,,,,,,,,,,,,,,,,,,,,,,,,,,,,,,,,,,,,,,,,,,,,,,,,,,,,,,,,,,,,,,,,,,,,,,,,,,,,,,,,,,,,,,,,,,,,,,,,,,,,,,,,,,,,,,,,,,,,,,,,,,,,,,,,,,,,,,,,,,,,,,,,,,,,,,,,,,,,,,,,,,,,,,,,,,,,,,,,,,,,,,,,,,,,,,,,,,,,,,,,,,,,,,,,,,,,,,,,,,,,,,,,,,,,,,,,,,,,,,,,,,,,,,,,,,,,,,,,,,,,,,,,,,,,,,,,,,,,,,,,,,,,,,,,,,,,,,,,,,,,,,,,,,,,,,,,,,,,,,,,,,,,,,,,,,,,,,,,,,,,,,,,,,,,,,,,,,,,,,,,,,,,,,,,,,,,,,,,,,,,,,,,,,,,,,,,,,,,,,,,,,,,,,,,,,,,,0,
2018-11-25 17:44:51,2018-11-25 19:14:18,0,100,5366,1,2018-11-25 19:14:19,R_1pmq0lBRxVWtgRj,anonymous,EN,1,6.959,48.707,49.114,2,1,1614.191,1614.191,1619.037,1,-1,8.848,8.848,37.535,1,1,31.735,31.735,37.189,1,1,101.5,124.574,127.413,2,-1,16.826,16.826,35.795,1,1,9.033,9.033,58.986,1,1,5.86,27.427,36.147,2,-1,28.088,28.088,54.45,1,-1,153.564,153.564,233.612,1,1,15.233,93.172,93.511,2,1,11.878,11.878,44.809,1,1,35.868,35.868,36.809,1,1,8.122,8.122,35.896,1,1,12.527,12.527,36.149,1,-1,11.311,11.311,36.261,1,-1,7.212,7.212,39.449,1,1,40.121,40.121,41.698,1,1,19.946,35.998,37.547,2,-1,68.706,68.706,69.819,1,1,135.624,136.759,138.389,3,-1,1.868,39.509,40.98,4,-1,18.022,18.022,53.838,1,1,36.569,36.569,37.788,1,1,737.703,737.703,740.961,1,1,34.746,34.746,35.63,1,-1,6.26,6.26,210.146,1,-1,41.409,41.409,42.576,1,1,19.635,19.635,36.247,1,1,16.811,33.806,38.122,3,1,6.961,7.394,36.211,2,-1,29.629,29.629,35.858,1,1,11.434,11.434,39.781,1,-1,14.525,44.622,45,3,-1,238.935,238.935,243.61,1,1,24.174,24.174,35.962,1,1,12.38,12.38,43.376,1,-1,7.556,7.556,36.332,1,-1,7.379,7.379,36.475,1,-1,3.408,34.47,36.473,2,-1,,,,,,,,,,,,,,,,,,,,,,,,,,,,,,,,,,,,,,,,,,,,,,,,,,,,,,,,,,,,,,,,,,,,,,,,,,,,,,,,,,,,,,,,,,,,,,,,,,,,,,,,,,,,,,,,,,,,,,,,,,,,,,,,,,,,,,,,,,,,,,,,,,,,,,,,,,,,,,,,,,,,,,,,,,,,,,,,,,,,,,,,,,,,,,,,,,,,,,,,,5,7,1,1,,5,9,5,3,5,5,1,1,3,10,3,10,10,1,10,10,10,23,2,2,,,2,,limmy1226,22,6412052
2018-11-18 21:14:47,2018-11-25 20:59:57,0,100,603909,1,2018-11-25 20:59:58,R_1Iz94dKLSLQ1nRV,anonymous,EN,1,,,,,,,,,,,,,,,,,,,,,,,,,,,,,,,,,,,,,,,,,,,,,,,,,,,,,,,,,,,,,,,,,,,,,,,,,,,,,,,,,,,,,,,,,,,,,,,,,,,,,,,,,,,,,,,,,,,,,,,,,,,,,,,,,,,,,,,,,,,,,,,,,,,,,,,,,,,,,,,,,,,,,,,,,,,,,,,,,,,,,,,,,,,,,,,,,,,,,,,,,825.85,825.85,826.935,1,-1,2.121,2.704,137.622,2,1,0,0,37.832,0,,16.794,16.794,73.496,1,-1,1.692,1.692,119.312,1,1,13.968,13.968,63.315,1,-1,14.067,118.697,119.201,2,1,1.654,1.654,46.46,1,-1,1.289,1.289,486.231,1,-1,59.992,59.992,60.869,1,-1,1.001,1.001,151.864,1,-1,784.119,784.119,820.036,1,1,1.54,1.54,54.308,1,1,21.394,23.286,77.809,3,-1,1.349,1.349,225.05,1,-1,211.329,213.816,214.334,4,-1,1.613,1.613,213.049,1,-1,1.523,1.523,53.59,1,-1,1.55,1.55,323.818,1,-1,1.74,1.74,38.504,1,1,1.078,1.078,64.844,1,-1,3808.293,3808.293,3809.378,1,1,1.922,1.922,36.183,1,-1,1.423,41.965,42.693,2,1,42.03,42.52,43.335,2,-1,116.565,117.075,118.12,2,1,1.348,1.348,49.553,1,1,1.331,332.748,334.458,3,-1,12.654,12.654,40.666,1,-1,1.178,1.178,44.345,1,-1,10.229,37.544,38.157,2,1,1.33,287.742,288.241,2,1,1.618,2.172,40.539,2,1,1.808,35.883,36.314,2,1,32.721,33.232,78.12,2,1,1.119,1.119,154.419,1,1,3.121,3.121,721.574,1,1,5.903,6.616,45.968,2,-1,1.246,1.246,814.828,1,1,103.296,104.215,104.705,2,-1,5,7,2,3,3,5,8,5,7,9,3,2,2,2,2,2,4,10,1,10,2,10,27,2,4,,,1,,PilotBtestrun,18,2151061
2018-11-21 10:37:51,2018-11-21 13:35:33,0,49,10662,0,2018-11-28 13:35:42,R_sNd891NmBpq8Ucp,anonymous,EN,1,,,,,,,,,,,,,,,,,,,,,,,,,,,,,,,2.106,3.347,49.325,2,1,,,,,,,,,,,,,,,,111.472,120.977,265.994,7,-1,,,,,,,,,,,,,,,,,,,,,,,,,,,,,,,,,,,,9.693,9.693,52.493,1,1,,,,,,,,,,,,,,,,,,,,,,,,,,,,,,,827.17,913.684,914.086,2,-1,,,,,,,,,,,,,,,,,,,,,,,,,,,,,,,,,,,,,,,,,,,,,,,,,,,54.059,88.696,89.529,2,-1,53.13,53.13,53.964,1,-1,,,,,,,,,,,,,,,,,,,,,,,,,,,,,,,,,,,,,,,,,,,,,,,,,,,,,,,,,,,,,,,,,,,,,,,,,,,,,,,,,,,,,,,,,,,,,,,,,,,,,,,,,,,,,,,,,,,,,,,,,,,,,,,,,,,,,,,,,,,,,,,,,,,,,,,,,,,,,,,,,,,,,,,,,,,,,,,,,,,,,,,,,,,,,,,,,,,,,,,,,,,,,,,,,,,,,,,,,,,,,,,,,,,,,,,,,,,,,,,,,2,2126184
2018-12-05 13:11:33,2018-12-05 13:44:29,0,100,1975,1,2018-12-05 13:44:29,R_2CP0b0AgBCAwXGR,anonymous,EN,1,,,,,,,,,,,,,,,,,,,,,,,,,,,,,,,,,,,,,,,,,,,,,,,,,,,,,,,,,,,,,,,,,,,,,,,,,,,,,,,,,,,,,,,,,,,,,,,,,,,,,,,,,,,,,,,,,,,,,,,,,,,,,,,,,,,,,,,,,,,,,,,,,,,,,,,,,,,,,,,,,,,,,,,,,,,,,,,,,,,,,,,,,,,,,,,,,,,,,,,,,34.998,34.998,36.309,1,1,25.529,27.512,35.761,3,1,22.091,22.091,39.675,1,1,12.058,12.058,36.888,1,1,39.671,39.671,40.627,1,-1,31.462,31.462,39.524,1,1,23.806,23.947,36.18,2,-1,19.905,19.905,38.551,1,-1,25.363,25.363,35.983,1,-1,10.527,10.527,36.229,1,1,36.101,38.22,39.332,2,1,31.66,31.66,36.35,1,1,35.573,35.573,36.651,1,1,12.973,12.973,39.748,1,1,36.34,36.34,40.364,1,1,27.346,27.346,37.831,1,1,38.238,38.238,39.367,1,1,35.211,35.211,36.411,1,1,21.618,21.618,37.95,1,1,34.828,34.828,37.853,1,-1,34.337,34.337,36.183,1,-1,12.29,12.29,36.325,1,-1,7.579,7.579,41.164,1,1,33.549,33.549,36.087,1,1,14.809,14.809,35.986,1,-1,11.89,11.89,39.698,1,1,36.965,36.965,37.916,1,1,35.748,36.283,37.301,2,-1,29.463,29.463,37.714,1,-1,39.771,39.771,41.146,1,-1,12.414,12.414,37.56,1,-1,19.53,19.53,37.846,1,-1,29.533,29.533,38.284,1,1,40.943,40.943,41.918,1,1,37.25,37.25,39.057,1,-1,35.6,35.741,36.729,2,1,38.263,38.263,44.451,1,1,37.484,37.484,38.88,1,1,13.795,13.795,38.285,1,-1,36.275,36.275,37.513,1,-1,2,9,1,2,9,5,9,5,2,9,1,2,6,3,6,3,6,6,1,10,10,10,39,2,5,,,1,,3258Fred,24,5255252
2018-12-05 13:14:40,2018-12-05 13:44:59,0,100,1818,1,2018-12-05 13:44:59,R_UnGLns3ylsgTGQp,anonymous,EN,1,,,,,,,,,,,,,,,,,,,,,,,,,,,,,,,,,,,,,,,,,,,,,,,,,,,,,,,,,,,,,,,,,,,,,,,,,,,,,,,,,,,,,,,,,,,,,,,,,,,,,,,,,,,,,,,,,,,,,,,,,,,,,,,,,,,,,,,,,,,,,,,,,,,,,,,,,,,,,,,,,,,,,,,,,,,,,,,,,,,,,,,,,,,,,,,,,,,,,,,,,34.159,34.159,35.892,1,1,35.043,35.043,36.876,1,1,40.147,40.147,41.835,1,-1,35.728,35.728,36.819,1,-1,39.039,39.642,40.647,2,-1,38.811,38.811,40.045,1,-1,33.495,33.495,35.856,1,-1,37.363,38.426,39.135,2,-1,38.204,38.204,39.341,1,1,30.805,34.328,36.135,2,-1,36.561,36.561,37.705,1,1,32.274,32.274,36.306,1,1,33.356,34.562,35.923,2,1,40.07,40.07,41.086,1,1,46.612,46.612,47.559,1,1,38.02,38.02,39.391,1,-1,39.127,39.127,40.265,1,1,36.007,36.007,37.252,1,1,37.292,37.292,38.565,1,-1,40.036,40.036,41.074,1,-1,28.503,33.535,36.233,2,-1,35.292,36.887,37.863,2,-1,34.878,34.878,36.656,1,-1,33.488,33.488,36.096,1,-1,34.482,34.482,35.958,1,-1,38.307,38.307,39.596,1,-1,35.617,35.617,36.904,1,-1,33.816,33.816,36.114,1,-1,37.967,37.967,39.009,1,1,37.079,37.079,38.977,1,1,30.048,38.661,39.596,2,-1,37.405,37.405,38.446,1,-1,39.225,39.225,40.349,1,-1,39.167,39.167,60.28,1,1,36.393,36.393,37.59,1,1,36.022,36.022,37.165,1,-1,35.884,35.884,37.1,1,-1,38.258,38.258,39.582,1,-1,38.814,38.814,39.934,1,1,35.625,35.625,36.901,1,-1,4,9,1,3,9,2,9,5,2,8,1,2,10,2,10,1,10,3,1,10,5,10,38,2,5,,,1,,Ornac1980,15,7077689
2018-12-05 13:15:47,2018-12-05 13:47:49,0,100,1922,1,2018-12-05 13:47:50,R_31Y5ybJ4Qu2nQvs,anonymous,EN,1,,,,,,,,,,,,,,,,,,,,,,,,,,,,,,,,,,,,,,,,,,,,,,,,,,,,,,,,,,,,,,,,,,,,,,,,,,,,,,,,,,,,,,,,,,,,,,,,,,,,,,,,,,,,,,,,,,,,,,,,,,,,,,,,,,,,,,,,,,,,,,,,,,,,,,,,,,,,,,,,,,,,,,,,,,,,,,,,,,,,,,,,,,,,,,,,,,,,,,,,,37.899,37.899,39.297,1,1,34.185,34.185,35.94,1,1,41.017,41.017,42.215,1,1,38.246,38.246,39.431,1,1,38.253,38.253,39.917,1,1,40.153,40.153,41.088,1,1,34.197,34.197,36.325,1,-1,38.85,38.85,40.466,1,1,33.413,33.413,36.302,1,-1,31.727,31.727,36.322,1,1,35.804,35.804,37.212,1,-1,34.212,34.212,35.968,1,1,34.461,35.516,37.042,2,-1,43.193,43.193,44.164,1,-1,39.311,39.311,40.492,1,-1,38.542,38.542,40.555,1,1,38.022,38.022,39.289,1,1,36.15,36.15,37.473,1,1,37.46,37.46,38.919,1,-1,37.407,37.407,38.716,1,-1,34.208,34.208,35.725,1,-1,38.068,38.068,39.538,1,1,34.138,34.138,36.384,1,1,39.219,39.219,40.663,1,-1,33.7,33.7,35.84,1,1,38.447,40.292,42.06,2,1,35.592,35.592,36.85,1,1,36.208,36.208,38.067,1,1,37.2,38.091,40.1,2,1,44.596,44.596,45.807,1,1,40.931,40.931,42.563,1,-1,39.065,39.065,40.816,1,1,41.636,41.636,43.029,1,1,40.699,41.84,43.071,2,1,39.575,39.575,40.87,1,1,34.241,34.241,36.172,1,1,38.147,38.147,39.624,1,-1,37.77,37.77,39.239,1,1,37.512,37.512,38.771,1,-1,36.995,36.995,38.57,1,1,1,1,1,1,9,1,9,5,1,9,1,2,10,2,10,3,10,1,1,10,3,10,64,2,5,,,1,,Chels29,27,3624131
2018-12-05 13:21:08,2018-12-05 13:57:18,0,100,2169,1,2018-12-05 13:57:19,R_pQtOCSnZm8wfjax,anonymous,EN,1,47.679,47.679,48.634,1,-1,47.311,47.311,48.352,1,1,12.052,12.052,49.031,1,1,5.554,5.554,81.595,1,-1,25.877,25.877,41.878,1,-1,9.443,18.387,42.103,2,1,47.344,47.344,48.37,1,1,33.555,33.555,36.314,1,-1,39.724,39.724,41.158,1,1,11.754,36.404,37.901,3,1,10.901,10.901,47.745,1,1,32.328,36.475,37.913,2,-1,17.304,17.304,38.9,1,-1,48.079,48.079,49.114,1,1,50.291,50.291,51.435,1,1,5.627,5.627,52.739,1,1,38.46,38.46,39.563,1,-1,57.239,57.239,58.534,1,1,39.716,39.716,40.863,1,-1,38.528,38.528,40.19,1,1,9.598,9.598,38.869,1,-1,30.105,30.105,41.462,1,1,43.135,43.135,44.179,1,1,44.765,44.765,45.729,1,1,15.695,15.695,36.207,1,1,15.868,15.868,36.126,1,1,10.243,10.243,37.214,1,1,26.259,26.259,41.456,1,1,12.639,12.639,46.83,1,-1,18.942,22.346,36.765,2,1,23.849,23.849,38.762,1,-1,26.403,26.403,38.869,1,-1,12.8,12.8,40.38,1,1,8.974,8.974,43.094,1,-1,67.776,67.776,72.608,1,-1,82.368,82.368,83.851,1,1,20.545,20.545,36.133,1,-1,12.88,12.88,38.628,1,-1,26.906,26.906,36.304,1,1,39.513,39.513,43.626,1,1,,,,,,,,,,,,,,,,,,,,,,,,,,,,,,,,,,,,,,,,,,,,,,,,,,,,,,,,,,,,,,,,,,,,,,,,,,,,,,,,,,,,,,,,,,,,,,,,,,,,,,,,,,,,,,,,,,,,,,,,,,,,,,,,,,,,,,,,,,,,,,,,,,,,,,,,,,,,,,,,,,,,,,,,,,,,,,,,,,,,,,,,,,,,,,,,,,,,,,,,,7,9,1,9,9,9,9,5,7,7,1,4,10,2,5,1,6,1,1,10,2,10,28,2,5,,,2,,6727157,24,6727157
2018-12-05 13:11:47,2018-12-05 13:59:49,0,100,2881,1,2018-12-05 13:59:49,R_vxJfhHGW5BYeEV3,anonymous,EN,1,7.573,8.276,35.34,3,1,16.957,16.972,48.163,2,1,86.396,100.235,105.196,3,1,16.174,16.183,59.11,2,-1,36.256,36.27,47.325,2,-1,53.683,53.692,54.29,2,-1,108.312,108.32,108.889,2,-1,56.122,56.129,56.759,2,1,42.399,42.3,43.02,2,-1,62.49,62.497,62.9,2,-1,55.471,55.483,55.901,2,-1,82.171,83.248,83.644,3,1,21.613,21.631,37.4,2,-1,66.104,66.818,68.031,4,-1,18.507,18.511,57.486,2,-1,36.914,36.923,39.071,2,1,49.177,49.191,49.823,2,1,127.97,134.782,135.282,3,1,15.667,40.238,49.957,3,-1,214.544,231.956,232.698,4,1,65.785,66.441,66.943,4,-1,41.829,41.842,42.38,2,1,60.254,62.323,62.805,5,1,61.889,61.896,62.521,2,1,9.462,9.466,73.62,2,1,61.083,61.001,61.634,2,1,14.014,14.022,45.128,2,-1,50.286,50.294,51.076,2,-1,51.341,51.351,51.896,2,1,36.442,36.458,37,2,1,55.242,55.254,55.854,2,1,16.997,16.901,44.055,2,-1,46.562,46.571,47.101,2,1,45.188,45.194,45.76,2,1,28.007,38.036,64.74,3,1,33.888,33.903,60.31,2,1,21.88,23.215,35.914,3,-1,43.086,43.094,43.597,2,1,44.967,44.975,45.468,2,1,54.975,55.417,55.992,3,1,,,,,,,,,,,,,,,,,,,,,,,,,,,,,,,,,,,,,,,,,,,,,,,,,,,,,,,,,,,,,,,,,,,,,,,,,,,,,,,,,,,,,,,,,,,,,,,,,,,,,,,,,,,,,,,,,,,,,,,,,,,,,,,,,,,,,,,,,,,,,,,,,,,,,,,,,,,,,,,,,,,,,,,,,,,,,,,,,,,,,,,,,,,,,,,,,,,,,,,,,3,2,1,1,1,1,1,5,3,1,1,1,7,1,8,1,8,2,1,10,1,10,35,2,5,,,1,,Bruins4634,24,6946282
2018-12-05 13:29:25,2018-12-05 14:00:10,0,100,1844,1,2018-12-05 14:00:11,R_2QLZC9Pr8D4pmfR,anonymous,EN,1,,,,,,,,,,,,,,,,,,,,,,,,,,,,,,,,,,,,,,,,,,,,,,,,,,,,,,,,,,,,,,,,,,,,,,,,,,,,,,,,,,,,,,,,,,,,,,,,,,,,,,,,,,,,,,,,,,,,,,,,,,,,,,,,,,,,,,,,,,,,,,,,,,,,,,,,,,,,,,,,,,,,,,,,,,,,,,,,,,,,,,,,,,,,,,,,,,,,,,,,,9.276,9.276,40.421,1,1,36.905,37.907,38.175,3,1,20.031,20.031,38.633,1,-1,13.382,13.382,36.167,1,-1,18.454,19.388,37.934,2,1,9.283,10.469,48.088,2,1,38.998,38.998,39.974,1,1,30.86,35.598,35.94,3,1,17.41,27.373,36.466,3,1,28.395,34.084,38.128,2,1,12.269,13.396,56.848,2,1,13.981,14.472,36.687,2,-1,11.774,11.774,36.763,1,1,7.062,33.627,79.024,2,1,20.489,69.503,70.193,2,-1,32.235,36,36.489,3,1,28.042,30.58,36.521,2,1,17.895,19.079,35.768,2,1,16.784,49.575,50.446,3,-1,28.742,28.742,44.677,1,1,2.63,29.382,36.488,2,-1,36.243,37.364,37.712,3,-1,13.065,13.065,35.631,1,-1,34.555,34.555,36.164,1,1,29.451,35.666,36.008,3,1,16.618,17.687,38.44,2,1,28.352,28.352,37.566,1,-1,21.675,21.675,35.853,1,1,20.821,20.821,38.414,1,1,22.797,30.688,37.344,3,1,3.524,30.779,36.48,4,1,18.025,33.506,36.01,3,-1,16.242,17.384,52.353,2,-1,21.606,23.201,37.904,2,1,36.186,36.186,37.118,1,1,21.049,22.535,36.066,3,-1,3.752,5.037,40.257,2,1,4.893,33.707,35.874,6,1,24.397,24.397,63.99,1,1,10.857,28.929,36.802,3,-1,5,3,3,7,7,9,7,5,3,7,6,1,6,1,8,1,6,1,1,6,1,10,27,2,5,,,1,,5275004,27,5275004
2018-12-05 13:18:24,2018-12-05 14:00:34,0,100,2529,1,2018-12-05 14:00:35,R_2amhjDbHENEVq3m,anonymous,EN,1,8.082,8.082,38.301,1,1,41.636,41.636,43.029,1,-1,9.263,11.815,42.37,2,-1,10.487,11.509,38.883,2,-1,8.396,14.303,42.721,3,1,9.288,11.102,39.905,2,-1,31.21,33.542,37.443,3,-1,7.506,7.506,36.885,1,-1,31.092,31.092,55.116,1,1,10.703,10.703,48.535,1,-1,31.55,31.55,91.732,1,1,7.175,7.175,40.921,1,-1,10.631,10.631,54.532,1,1,11.252,11.252,122.085,1,1,8.719,11.318,62.329,2,-1,21.263,21.263,129.049,1,-1,57.15,57.15,58.436,1,1,7.82,61.514,111.981,2,1,7.16,10.955,69.931,3,-1,9.809,9.809,40.014,1,1,13.114,13.114,39.398,1,1,9.048,9.048,54.483,1,1,0.893,7.565,37.865,2,1,21.61,23.769,125.383,2,-1,52.465,52.465,53.727,1,1,8.89,11.889,50.093,2,1,30.42,30.42,62.091,1,-1,11.275,18.791,60.411,3,1,13.421,13.421,42.931,1,1,2.895,16.109,37.608,4,-1,17.277,17.277,42.501,1,-1,43.062,43.062,46.845,1,1,8.847,13.411,42.802,3,1,9.271,41.817,49.712,3,1,13.566,17.064,42.349,3,1,36.987,39.014,41.213,3,1,20.821,45.386,56.146,3,-1,9.689,9.689,51.178,1,-1,65.726,65.726,67.391,1,1,7.994,7.994,73.354,1,1,,,,,,,,,,,,,,,,,,,,,,,,,,,,,,,,,,,,,,,,,,,,,,,,,,,,,,,,,,,,,,,,,,,,,,,,,,,,,,,,,,,,,,,,,,,,,,,,,,,,,,,,,,,,,,,,,,,,,,,,,,,,,,,,,,,,,,,,,,,,,,,,,,,,,,,,,,,,,,,,,,,,,,,,,,,,,,,,,,,,,,,,,,,,,,,,,,,,,,,,,4,2,6,8,9,6,2,4,6,1,6,3,7,2,6,9,10,3,1,6,5,6,24,2,5,,,1,,EVIL DEATH RIDERS,23,8039922
2018-12-05 13:35:47,2018-12-05 14:08:59,0,100,1992,1,2018-12-05 14:09:00,R_1OwzvbINEpiXYTI,anonymous,EN,1,36.562,36.562,37.544,1,-1,35.058,35.058,36.87,1,1,37.356,37.356,38.162,1,1,40.867,40.867,41.858,1,1,36.215,36.215,37.124,1,1,36.33,36.33,37.154,1,1,33.23,33.23,35.874,1,1,32.091,32.091,36.014,1,-1,37.344,37.344,38.258,1,1,35.768,35.768,36.609,1,-1,38.92,38.92,39.896,1,1,37.704,38.591,38.999,2,1,34.81,34.81,36.115,1,-1,39.758,39.758,40.769,1,-1,35.591,35.591,36.487,1,1,37.57,37.57,38.547,1,1,33.465,33.465,35.509,1,1,36.161,36.161,37.05,1,1,35.682,35.682,36.481,1,1,37.131,37.131,38.182,1,1,4.348,31.294,35.682,2,-1,358.771,358.771,359.562,1,-1,16.676,34.017,35.877,2,-1,36.256,36.256,37.784,1,-1,25.777,25.777,35.798,1,1,33.389,33.389,35.675,1,1,30.893,30.893,35.708,1,-1,40.321,40.321,41.325,1,-1,36.191,36.191,37.013,1,-1,31.761,31.761,36.067,1,1,37.216,37.216,38.192,1,1,35.517,35.517,36.676,1,1,37.375,37.375,38.449,1,-1,39.657,39.657,40.494,1,1,35.215,35.215,36.078,1,1,36.415,37.178,38.168,2,1,34.978,34.978,36.018,1,-1,37.044,37.044,38.022,1,1,33.209,33.209,36.146,1,-1,35.537,35.537,36.506,1,-1,,,,,,,,,,,,,,,,,,,,,,,,,,,,,,,,,,,,,,,,,,,,,,,,,,,,,,,,,,,,,,,,,,,,,,,,,,,,,,,,,,,,,,,,,,,,,,,,,,,,,,,,,,,,,,,,,,,,,,,,,,,,,,,,,,,,,,,,,,,,,,,,,,,,,,,,,,,,,,,,,,,,,,,,,,,,,,,,,,,,,,,,,,,,,,,,,,,,,,,,,3,7,3,4,7,5,7,5,4,7,2,1,6,1,6,1,6,1,1,7,1,3,22,2,5,,,2,,Cookies41235,24,3490124
2018-12-05 13:37:03,2018-12-05 14:14:42,0,100,2258,1,2018-12-05 14:14:42,R_2rCJrxnlQrLnzza,anonymous,EN,1,,,,,,,,,,,,,,,,,,,,,,,,,,,,,,,,,,,,,,,,,,,,,,,,,,,,,,,,,,,,,,,,,,,,,,,,,,,,,,,,,,,,,,,,,,,,,,,,,,,,,,,,,,,,,,,,,,,,,,,,,,,,,,,,,,,,,,,,,,,,,,,,,,,,,,,,,,,,,,,,,,,,,,,,,,,,,,,,,,,,,,,,,,,,,,,,,,,,,,,,,17.826,17.826,35.898,1,1,27.918,27.918,35.733,1,1,29.148,29.148,39.196,1,1,33.608,34.919,36.215,3,1,33.689,34.193,38.778,2,-1,40.029,40.029,41.197,1,1,28.536,34.247,36.291,4,1,38.496,38.496,40.769,1,1,15.783,15.783,35.688,1,-1,25.256,25.256,36.032,1,-1,33.409,33.713,36.344,2,1,31.851,31.851,35.643,1,1,31.743,31.743,35.888,1,1,35.021,35.021,39.453,1,-1,33.884,33.884,39.491,1,-1,26.335,26.335,37.598,1,1,37.306,37.306,41.522,1,-1,34.192,34.192,36.001,1,1,25.966,25.966,38.453,1,1,38.13,38.13,40.211,1,-1,33.8,34.12,35.841,2,-1,30.613,30.613,35.764,1,-1,28.819,28.819,35.683,1,-1,24.428,24.428,35.635,1,-1,25.463,25.463,35.815,1,1,10.749,10.749,38.27,1,-1,26.462,26.462,37.438,1,-1,33.147,33.147,36.163,1,1,33.381,33.381,36.454,1,-1,28.006,28.006,37.549,1,-1,37.591,37.591,39.111,1,1,26.431,26.431,37.896,1,-1,33.113,33.113,38.057,1,1,39.153,39.153,41.656,1,1,35.864,35.864,37.065,1,1,24.235,24.235,36.027,1,-1,35.443,35.443,37.754,1,1,26.773,33.413,37.892,2,1,15.202,15.202,39.187,1,-1,25.185,25.185,36.3,1,-1,2,9,1,3,9,7,9,5,2,9,2,1,10,1,10,1,10,5,1,10,8,10,29,2,5,,,1,,hippolake29,21,4765173
2018-12-05 13:16:57,2018-12-05 14:20:04,0,100,3786,1,2018-12-05 14:20:06,R_RQEpk9dsT0VoYRb,anonymous,EN,1,23.206,34.203,36.264,2,1,37.803,37.803,38.872,1,1,41.539,41.539,42.283,1,1,36.039,36.039,41.259,1,-1,8.529,8.529,36.811,1,-1,30.419,30.419,36.466,1,1,29.315,29.315,35.632,1,-1,19.28,32.451,35.818,3,-1,12.442,12.442,39.521,1,-1,23.288,23.288,37.549,1,1,37.825,37.825,39.055,1,-1,37.159,37.159,38.297,1,1,36.128,36.128,36.917,1,1,41.625,41.625,43.424,1,1,37.709,37.709,38.421,1,1,39.885,40.396,41.095,2,-1,34.751,34.751,35.752,1,-1,29.275,29.275,36.094,1,1,76.099,76.099,76.868,1,1,7.64,7.64,38.109,1,-1,28.069,28.069,35.483,1,-1,29.798,29.798,35.694,1,1,41.572,41.572,42.752,1,1,40.881,40.881,41.759,1,-1,26.632,26.632,35.915,1,-1,31.028,31.028,35.932,1,-1,19.206,19.206,35.512,1,-1,37.206,37.206,40.179,1,1,39.291,39.291,40.021,1,1,32.566,32.566,35.837,1,-1,38.792,38.792,39.588,1,-1,37.117,37.117,38.067,1,1,32.035,32.035,38.943,1,1,34.639,34.639,40.281,1,-1,36.36,36.36,37.147,1,1,36.927,36.927,38.02,1,-1,33.539,34.3,35.766,2,1,44.583,44.583,46.024,1,-1,32.356,32.935,35.868,2,-1,34.942,34.942,36.095,1,1,,,,,,,,,,,,,,,,,,,,,,,,,,,,,,,,,,,,,,,,,,,,,,,,,,,,,,,,,,,,,,,,,,,,,,,,,,,,,,,,,,,,,,,,,,,,,,,,,,,,,,,,,,,,,,,,,,,,,,,,,,,,,,,,,,,,,,,,,,,,,,,,,,,,,,,,,,,,,,,,,,,,,,,,,,,,,,,,,,,,,,,,,,,,,,,,,,,,,,,,,3,6,1,4,7,4,8,5,4,6,3,1,4,2,6,2,6,10,1,10,10,10,36,2,5,,,1,,oldham,20,1952572
2018-12-05 13:48:57,2018-12-05 14:33:45,0,100,2688,1,2018-12-05 14:33:46,R_2dFI6pHzrHTefLk,anonymous,EN,1,,,,,,,,,,,,,,,,,,,,,,,,,,,,,,,,,,,,,,,,,,,,,,,,,,,,,,,,,,,,,,,,,,,,,,,,,,,,,,,,,,,,,,,,,,,,,,,,,,,,,,,,,,,,,,,,,,,,,,,,,,,,,,,,,,,,,,,,,,,,,,,,,,,,,,,,,,,,,,,,,,,,,,,,,,,,,,,,,,,,,,,,,,,,,,,,,,,,,,,,,6.253,39.471,40.683,4,-1,6.89,34.344,42.286,3,1,2.246,40.937,42.719,3,1,3.496,45.393,46.891,3,1,6.268,44.505,44.929,4,1,6.528,42.184,42.707,4,-1,4.469,33.183,36.526,3,-1,5.17,20.569,44.662,6,-1,3.467,35.134,36.219,6,-1,1.457,36.084,36.639,4,1,6.248,40.853,42.541,2,-1,1.598,38.054,38.952,6,1,1.654,47.876,48.286,4,-1,2.79,41.282,45.559,4,1,3.771,53.994,56.149,4,1,4.751,140.217,141.041,4,-1,3.242,43.263,44.967,4,-1,0.781,32.68,38.159,5,1,3.635,53.534,53.99,5,-1,3.207,278.766,279.126,5,-1,3.896,43.303,44.231,5,-1,4.031,29.638,37.903,3,-1,1.613,36.042,36.934,6,-1,16.834,73.555,74.787,3,-1,2.789,35.306,38.71,3,1,4.592,34.406,39.871,3,-1,5.532,31.126,38.326,5,1,3.04,43.053,44.028,5,1,3.687,67.2,67.998,5,-1,1.967,43.995,44.945,3,1,1.45,46.543,47.879,3,1,2.711,43.221,44.757,5,-1,3.983,8.678,41.428,2,-1,11.758,49.6,50.264,4,-1,4.605,34.607,37.947,2,-1,0.974,29.179,36.61,5,-1,2.34,33.36,41.038,4,1,11.553,55.225,56.313,5,1,24.806,76.442,77.459,3,-1,1.974,26.622,40.444,4,1,2,7,2,2,9,7,9,5,2,9,1,6,10,7,8,6,10,7,1,6,5,5,41,2,5,,,1,,Bears1984,17,9605304
2018-12-05 14:13:07,2018-12-05 14:41:49,0,100,1720,1,2018-12-05 14:41:49,R_3enpH36ooydYEvP,anonymous,EN,1,4.792,7.373,36.047,3,-1,38.359,38.359,38.998,1,1,3.924,3.924,38.874,1,1,2.798,43.787,44.125,3,-1,4.696,4.696,36.456,1,1,18.723,18.723,37.302,1,1,3.2,3.2,37.316,1,1,1.82,1.82,35.637,1,1,1.775,1.775,39.65,1,1,13.878,36.783,37.146,2,1,45.203,45.203,78.809,1,1,14.466,14.466,39.212,1,1,1.613,1.613,35.579,1,1,3.832,4.243,42.288,2,1,3.204,3.204,37.134,1,1,4.901,4.901,37.826,1,-1,2.936,36.944,37.263,3,1,4.509,6.646,42.244,2,-1,37.7,37.7,39.688,1,1,2.048,2.048,39.478,1,1,3.021,35.443,36.154,2,-1,1.832,1.832,36.246,1,1,36.751,36.751,37.597,1,1,4.167,37.08,37.357,3,1,1.358,21.673,36.481,2,-1,2.587,2.587,35.835,1,-1,3.538,3.538,36.904,1,-1,2.398,2.398,41.193,1,1,1.701,1.701,40.491,1,1,3.048,35.678,35.974,3,-1,1.178,1.178,37.614,1,1,9.096,9.096,39.437,1,1,7.102,7.102,38.069,1,1,2.969,2.969,40.69,1,1,1.7,1.7,37.021,1,1,2.065,2.065,37.271,1,1,1.919,1.919,35.721,1,1,1.467,1.467,39.503,1,-1,3.032,3.032,35.9,1,1,3.332,36.274,36.543,3,1,,,,,,,,,,,,,,,,,,,,,,,,,,,,,,,,,,,,,,,,,,,,,,,,,,,,,,,,,,,,,,,,,,,,,,,,,,,,,,,,,,,,,,,,,,,,,,,,,,,,,,,,,,,,,,,,,,,,,,,,,,,,,,,,,,,,,,,,,,,,,,,,,,,,,,,,,,,,,,,,,,,,,,,,,,,,,,,,,,,,,,,,,,,,,,,,,,,,,,,,,1,9,1,1,9,1,9,5,1,9,1,4,7,4,3,3,5,10,1,10,10,10,35,2,5,,,1,,myd131,30,9698294
2018-12-05 14:15:12,2018-12-05 14:45:27,0,100,1815,1,2018-12-05 14:45:28,R_1Hoy5jDIDta0PHU,anonymous,EN,1,28.931,29.521,39.636,2,1,12.819,12.819,36.721,1,-1,7.134,7.134,41.241,1,1,8.716,9.379,45.504,2,1,27.886,27.886,36.723,1,-1,7.516,7.516,36.296,1,1,8.575,8.575,35.991,1,1,6.679,29.618,36.021,2,-1,9.53,9.53,40.904,1,1,4.965,36.812,37.549,2,1,11.853,11.853,42.395,1,1,2.144,2.144,38.988,1,1,3.301,35.747,36.688,2,-1,21.579,21.579,40.086,1,-1,6.634,7.108,38.641,2,-1,36.176,36.745,37.57,2,-1,22.48,35.103,35.838,2,1,9.758,39.982,40.277,3,1,2.046,20.929,36.845,3,-1,2.691,2.691,35.871,1,-1,9.581,35.372,35.843,2,-1,2.512,32.814,37.175,2,-1,9.512,9.512,35.605,1,-1,13.223,13.223,38.786,1,-1,7.744,26.581,36.567,4,-1,6.781,6.781,41.554,1,-1,21.073,21.073,35.728,1,-1,11.384,42.183,42.927,4,1,4.316,4.316,36.36,1,-1,3.235,3.235,37.062,1,-1,36.296,38.559,39.516,3,-1,9.177,36.704,37.439,3,1,3.552,3.552,39.113,1,1,8.008,8.008,44.724,1,-1,6.03,36.237,36.727,3,-1,26.318,26.318,36.236,1,1,23.271,23.271,35.811,1,1,7.933,7.933,42.043,1,1,6.685,18.529,35.859,4,-1,6.609,8.108,36.111,2,-1,,,,,,,,,,,,,,,,,,,,,,,,,,,,,,,,,,,,,,,,,,,,,,,,,,,,,,,,,,,,,,,,,,,,,,,,,,,,,,,,,,,,,,,,,,,,,,,,,,,,,,,,,,,,,,,,,,,,,,,,,,,,,,,,,,,,,,,,,,,,,,,,,,,,,,,,,,,,,,,,,,,,,,,,,,,,,,,,,,,,,,,,,,,,,,,,,,,,,,,,,1,9,1,9,9,1,9,5,1,9,1,1,10,1,10,3,10,1,1,6,3,10,27,2,5,,,1,,bananasurprise,17,8403423
2018-12-05 14:17:04,2018-12-05 14:45:37,0,100,1712,1,2018-12-05 14:45:37,R_1eDHxjy2jE4LbyK,anonymous,EN,1,,,,,,,,,,,,,,,,,,,,,,,,,,,,,,,,,,,,,,,,,,,,,,,,,,,,,,,,,,,,,,,,,,,,,,,,,,,,,,,,,,,,,,,,,,,,,,,,,,,,,,,,,,,,,,,,,,,,,,,,,,,,,,,,,,,,,,,,,,,,,,,,,,,,,,,,,,,,,,,,,,,,,,,,,,,,,,,,,,,,,,,,,,,,,,,,,,,,,,,,,35.08,35.08,35.976,1,1,26.656,38.371,39.028,4,-1,40.561,40.561,41.623,1,1,25.251,36.019,36.712,2,1,40.709,41.659,41.997,2,1,1.9,42.864,43.712,2,1,33.325,36.433,37.217,2,-1,29.089,29.089,37.036,1,-1,35.363,36.195,37.031,2,-1,29.959,36.306,36.701,2,1,2.044,40.529,41.32,2,1,1.478,37.517,37.984,5,1,5.731,40.422,41.325,2,-1,40.881,40.881,41.794,1,1,12.524,39.491,40.448,2,-1,12.352,38.049,38.732,2,1,38.23,38.23,39.091,1,1,35.813,35.813,36.667,1,-1,38.919,41.322,44.191,3,-1,38.766,38.766,39.72,1,1,14.273,35.961,36.201,3,-1,33.682,36.641,37.539,3,1,39.102,39.102,39.987,1,1,5.432,33.978,36.201,2,-1,4.833,32.248,36.456,2,-1,25.921,38.372,38.947,2,-1,36.042,36.042,36.923,1,1,6.666,33.748,35.98,2,-1,5.797,38.299,38.95,2,-1,7.361,37.661,38.308,4,-1,38.408,38.408,39.273,1,1,38.586,39.2,40.179,2,1,16.463,39.356,39.698,3,1,39.626,39.626,40.656,1,1,39.335,39.335,40.119,1,1,35.885,35.885,36.786,1,1,4.608,37.401,38.211,2,-1,4.031,33.525,37.255,2,1,43.091,44.266,45.294,2,1,38.78,40.461,41.216,2,1,4,9,1,2,9,7,9,5,2,9,2,1,10,1,10,2,10,6,1,10,4,10,24,2,5,,,2,,Wolverine93,24,2955002
2018-12-05 14:13:23,2018-12-05 14:47:41,0,100,2057,1,2018-12-05 14:47:42,R_1IZvQXGO72MwMQB,anonymous,EN,1,,,,,,,,,,,,,,,,,,,,,,,,,,,,,,,,,,,,,,,,,,,,,,,,,,,,,,,,,,,,,,,,,,,,,,,,,,,,,,,,,,,,,,,,,,,,,,,,,,,,,,,,,,,,,,,,,,,,,,,,,,,,,,,,,,,,,,,,,,,,,,,,,,,,,,,,,,,,,,,,,,,,,,,,,,,,,,,,,,,,,,,,,,,,,,,,,,,,,,,,,6.632,35.454,52.603,3,-1,1.894,6.633,36.602,2,-1,35.505,39.771,41.148,6,1,28.662,29.832,36.576,3,1,5.049,38.63,40.279,2,1,12.865,39.391,40.891,2,1,7.117,35.245,37.985,3,-1,47.295,48.17,69.025,3,-1,34.985,35.539,36.084,2,1,4.335,33.844,36.819,5,-1,32.893,35.491,46.158,4,1,39.413,41.958,42.599,6,1,32.817,37.446,38.017,6,1,39.427,40.34,41.114,3,1,5.493,42.016,42.594,3,1,12.596,13.388,39.503,3,-1,8.491,40.441,41.994,3,1,40.46,41.007,41.655,2,1,9.218,37.422,38.203,3,-1,36.979,37.5,38.13,2,1,29.175,31.765,42.937,2,-1,41.732,43.905,45.478,2,-1,40.948,42.905,43.97,7,1,5.451,37.775,39.202,4,-1,36.444,85.098,86.611,2,1,12.359,37.862,39.681,2,-1,38.567,39.262,40.24,3,1,17.017,41.687,47.866,5,-1,18.019,18.725,37.701,3,-1,9.809,39.143,40.197,9,-1,14.765,15.734,39.088,3,-1,40.985,42.37,43.346,3,-1,39.785,40.417,41.312,3,1,4.28,39.026,40.613,2,1,53.703,55.622,56.429,7,1,1.741,35.972,37.471,2,1,94.904,124.879,125.401,2,1,31.226,37.166,39.316,2,1,27.701,32.403,41.077,2,1,28.793,38.778,39.378,4,-1,1,9,1,1,9,1,9,5,1,9,1,2,10,6,6,6,6,5,1,5,9,10,31,2,5,,,2,,king574,23,8574622
2018-12-05 14:03:21,2018-12-05 14:50:07,0,100,2805,1,2018-12-05 14:50:07,R_RqzDX2ND5XgZP0t,anonymous,EN,1,,,,,,,,,,,,,,,,,,,,,,,,,,,,,,,,,,,,,,,,,,,,,,,,,,,,,,,,,,,,,,,,,,,,,,,,,,,,,,,,,,,,,,,,,,,,,,,,,,,,,,,,,,,,,,,,,,,,,,,,,,,,,,,,,,,,,,,,,,,,,,,,,,,,,,,,,,,,,,,,,,,,,,,,,,,,,,,,,,,,,,,,,,,,,,,,,,,,,,,,,44.052,44.052,87.15,1,-1,85.594,85.594,86.499,1,-1,20.245,39.723,41.188,3,1,13.129,40.586,41.483,2,1,94.526,94.526,95.44,1,1,32.313,48.795,50.342,2,1,36.333,36.333,37.288,1,-1,36.711,36.711,44.066,1,-1,79.886,80.824,87.546,2,-1,79.971,79.971,80.78,1,-1,41.273,41.273,42.135,1,-1,50.754,50.754,51.735,1,-1,37.284,38.237,39.045,2,1,63.918,63.918,65.314,1,1,52.44,53.145,54.211,2,1,57.88,58.91,59.684,2,1,88.56,88.56,89.652,1,1,46.192,47.928,48.797,3,1,36.583,36.583,44.14,1,1,38.48,38.48,46.11,1,-1,29.663,29.663,40.599,1,-1,44.328,44.328,45.276,1,1,45.441,45.441,46.634,1,-1,42.948,42.948,43.913,1,-1,47.822,54.904,56.242,3,1,37.98,37.98,52.916,1,-1,69.263,70.132,71.034,2,-1,41.442,41.442,47.56,1,-1,44.776,44.776,45.509,1,-1,62.055,62.055,63.108,1,-1,27.602,57.77,58.813,2,1,41.689,41.689,42.883,1,-1,152.663,162.652,206.289,2,1,57.688,57.688,58.819,1,-1,37.629,37.629,40.26,1,1,51.616,51.616,65.995,1,1,37.524,37.524,42.756,1,-1,43.99,43.99,44.959,1,-1,36.98,43.488,44.512,3,1,100.929,101.308,102.165,2,1,4,7,2,4,8,6,8,5,5,9,3,2,10,6,10,6,10,5,1,10,6,10,34,2,5,,,1,,polarbear84,19,9998112
2018-12-05 14:24:54,2018-12-05 14:58:39,0,100,2024,1,2018-12-05 14:58:39,R_2V7rQzyN4AunfWp,anonymous,EN,1,34.978,34.978,45.205,1,-1,17.591,17.591,41.791,1,-1,10.925,10.925,43.901,1,1,23.421,23.421,41.407,1,1,23.24,23.24,38.202,1,-1,54.958,54.958,56.317,1,1,23.654,23.654,37.237,1,-1,34.708,34.708,37.816,1,-1,16.209,32.012,41.822,2,1,25.164,39.426,40.954,2,-1,44.783,45.738,47.086,2,1,41.954,41.954,43.204,1,1,42.339,42.339,43.576,1,-1,7.623,7.623,40.339,1,-1,12.781,12.781,43.912,1,1,34.031,34.031,43.608,1,1,14.688,14.688,37.178,1,1,41.469,41.469,42.585,1,1,40.255,40.255,41.32,1,1,17.681,17.681,37.979,1,1,33.785,33.785,35.778,1,1,10.495,33.704,38.612,2,-1,21.699,21.699,36.403,1,1,38.483,38.483,41.029,1,-1,12.801,32.398,37.842,4,1,15.501,15.501,35.679,1,-1,31.629,31.629,39.444,1,1,13.592,13.592,42.707,1,1,31.816,31.816,37.517,1,1,13.544,13.544,36.018,1,-1,10.225,10.225,40.87,1,1,42.675,42.675,43.735,1,1,11.859,29.27,38.61,3,-1,15.808,15.808,47.289,1,1,20.958,20.958,39.018,1,1,35.646,35.646,38.146,1,1,25.881,25.881,36.6,1,1,17.491,17.491,38.267,1,1,18.674,18.674,45.278,1,1,22.907,31.977,36.195,2,1,,,,,,,,,,,,,,,,,,,,,,,,,,,,,,,,,,,,,,,,,,,,,,,,,,,,,,,,,,,,,,,,,,,,,,,,,,,,,,,,,,,,,,,,,,,,,,,,,,,,,,,,,,,,,,,,,,,,,,,,,,,,,,,,,,,,,,,,,,,,,,,,,,,,,,,,,,,,,,,,,,,,,,,,,,,,,,,,,,,,,,,,,,,,,,,,,,,,,,,,,6,4,6,7,4,7,4,5,7,4,7,1,5,1,10,2,6,1,1,3,1,2,30,2,5,,,2,,crichton1018,27,1049842
2018-12-05 14:20:18,2018-12-05 15:17:25,0,100,3427,1,2018-12-05 15:17:26,R_sdHBUZs9BiSgx21,anonymous,EN,1,,,,,,,,,,,,,,,,,,,,,,,,,,,,,,,,,,,,,,,,,,,,,,,,,,,,,,,,,,,,,,,,,,,,,,,,,,,,,,,,,,,,,,,,,,,,,,,,,,,,,,,,,,,,,,,,,,,,,,,,,,,,,,,,,,,,,,,,,,,,,,,,,,,,,,,,,,,,,,,,,,,,,,,,,,,,,,,,,,,,,,,,,,,,,,,,,,,,,,,,,37.45,37.45,38.413,1,1,41.153,41.153,42.585,1,-1,89.252,89.252,90.222,1,-1,39.362,39.362,40.817,1,1,41.43,41.43,42.258,1,-1,122.796,122.796,123.735,1,-1,40.789,40.789,41.783,1,-1,41.556,41.556,42.625,1,-1,272.575,272.575,273.64,1,-1,39.078,39.078,40.147,1,1,52.557,52.557,53.737,1,1,37.23,37.23,38.23,1,1,36.672,36.672,37.59,1,1,43.33,43.33,44.41,1,1,42.957,42.957,43.917,1,-1,39.873,39.873,41.188,1,1,44.012,44.012,45.076,1,1,38.27,38.27,39.336,1,1,44.359,44.359,45.343,1,-1,58.392,58.392,59.253,1,1,77.361,77.361,78.666,1,1,40.711,40.711,41.707,1,-1,37.441,37.441,40.375,1,-1,44.289,44.289,45.32,1,1,35.773,35.773,36.702,1,-1,38.571,38.571,39.542,1,-1,38.809,38.809,39.655,1,1,36.805,36.805,37.751,1,-1,36.945,36.945,37.89,1,-1,40.752,40.752,42.159,1,-1,47.541,47.541,48.447,1,1,60.377,60.377,61.285,1,1,40.448,40.448,42.59,1,1,41.276,41.276,42.291,1,1,38.974,38.974,40.179,1,1,36.394,36.394,37.381,1,-1,41.34,41.34,42.529,1,1,39.443,39.443,40.466,1,1,43.086,43.086,44.606,1,1,41.352,41.352,42.363,1,-1,2,7,4,6,7,2,6,5,3,6,2,1,8,1,5,1,2,1,1,4,1,5,42,2,5,,,1,,2649207,22,2649207
2018-12-05 13:15:27,2018-12-05 15:20:29,0,100,7501,1,2018-12-05 15:20:30,R_115FsjSCJtkvVrH,anonymous,EN,1,,,,,,,,,,,,,,,,,,,,,,,,,,,,,,,,,,,,,,,,,,,,,,,,,,,,,,,,,,,,,,,,,,,,,,,,,,,,,,,,,,,,,,,,,,,,,,,,,,,,,,,,,,,,,,,,,,,,,,,,,,,,,,,,,,,,,,,,,,,,,,,,,,,,,,,,,,,,,,,,,,,,,,,,,,,,,,,,,,,,,,,,,,,,,,,,,,,,,,,,,40.285,40.285,41.045,1,1,14.327,14.327,37.335,1,1,30.6,118.307,119.206,2,1,11.858,11.858,36.445,1,1,51.99,51.99,53.016,1,-1,4.597,4.597,45.283,1,-1,6.3,6.3,41.884,1,1,26.967,26.967,59.454,1,-1,11.281,11.281,52.838,1,1,15.579,15.579,92.684,1,1,65.404,65.404,87.697,1,-1,151.955,151.955,152.909,1,-1,75.151,75.151,76.242,1,-1,27.739,27.739,36.964,1,-1,30.601,36.473,51.375,2,1,53.825,53.825,54.952,1,-1,3644.699,3644.699,3660.402,1,-1,19.547,19.547,40.443,1,-1,36.093,36.093,36.895,1,1,9.883,10.541,40.053,2,-1,14.817,14.817,36.7,1,1,17.4,17.4,55.156,1,-1,192.661,192.661,193.427,1,1,289.492,289.492,290.355,1,1,40.456,40.456,41.401,1,-1,41.727,41.727,43.528,1,-1,10.829,49.072,50.168,2,-1,7.614,7.614,152.098,1,1,47.409,47.409,48.365,1,1,21.496,21.496,58.942,1,1,39.628,39.628,40.422,1,-1,149.225,181.632,194.651,2,-1,13.848,13.848,85.643,1,-1,8.799,8.799,45.337,1,-1,56.842,56.842,57.718,1,1,16.677,16.677,37.633,1,-1,68.473,147.043,255.139,3,-1,624.012,624.012,625.613,1,-1,7.386,7.779,42.543,2,1,44.507,44.507,49.239,1,-1,5,5,5,7,9,6,8,,5,9,7,6,9,10,6,5,7,5,1,8,6,10,22,2,5,,,1,,know me,17,491828
2018-12-05 14:32:00,2018-12-05 15:28:28,0,100,3387,1,2018-12-05 15:28:29,R_WuPEo2voID6hgd3,anonymous,EN,1,36.444,36.444,38.326,1,-1,219.125,219.125,220.227,1,-1,55.153,55.153,72.148,1,1,36.895,36.895,41.59,1,1,20.144,33.821,36.384,2,1,35.682,35.682,36.921,1,1,32.311,32.311,36.499,1,1,31.737,31.737,35.844,1,1,109.714,109.714,111.236,1,1,232.374,232.374,235.412,1,-1,21.328,36.21,116.074,2,1,43.149,43.149,44.228,1,1,34.745,34.745,36.268,1,-1,15.821,15.821,40.842,1,-1,228.551,228.551,229.642,1,-1,36.001,36.001,38.063,1,-1,75.264,75.264,76.29,1,1,36.149,36.149,37.231,1,1,11.61,36.355,40.217,2,1,6.452,33.985,39.899,2,1,30.681,30.681,36.366,1,-1,16.775,27.162,36.04,2,-1,34.218,35.1,36.374,2,-1,315.872,315.872,317.344,1,-1,26.878,26.878,36.166,1,-1,33.955,33.955,36.323,1,1,31.445,31.445,35.865,1,-1,335.964,370.612,371.929,3,1,9.492,9.492,37.038,1,-1,165.892,165.892,166.912,1,1,101.934,101.934,103.095,1,1,33.472,35.561,36.524,2,1,38.094,38.094,39.377,1,1,38.471,38.471,44.943,1,1,35.237,35.237,36.285,1,1,29.198,35.928,37.242,2,1,33.725,33.725,37.487,1,1,35.92,35.92,37.313,1,1,32.126,32.126,36.209,1,-1,33.945,33.945,36.3,1,-1,,,,,,,,,,,,,,,,,,,,,,,,,,,,,,,,,,,,,,,,,,,,,,,,,,,,,,,,,,,,,,,,,,,,,,,,,,,,,,,,,,,,,,,,,,,,,,,,,,,,,,,,,,,,,,,,,,,,,,,,,,,,,,,,,,,,,,,,,,,,,,,,,,,,,,,,,,,,,,,,,,,,,,,,,,,,,,,,,,,,,,,,,,,,,,,,,,,,,,,,,1,9,1,1,9,2,9,5,2,9,1,1,6,1,4,1,4,5,1,7,1,6,36,2,5,,,1,,5481786,24,5481786
2018-12-05 15:07:36,2018-12-05 15:43:48,0,100,2171,1,2018-12-05 15:43:49,R_31uYxrjUY7QMEts,anonymous,EN,1,,,,,,,,,,,,,,,,,,,,,,,,,,,,,,,,,,,,,,,,,,,,,,,,,,,,,,,,,,,,,,,,,,,,,,,,,,,,,,,,,,,,,,,,,,,,,,,,,,,,,,,,,,,,,,,,,,,,,,,,,,,,,,,,,,,,,,,,,,,,,,,,,,,,,,,,,,,,,,,,,,,,,,,,,,,,,,,,,,,,,,,,,,,,,,,,,,,,,,,,,367.707,367.707,392.666,1,1,6.056,6.056,35.905,1,1,5.381,22.205,38.491,2,1,8,8,36.114,1,1,24.431,24.431,39.611,1,1,14.267,14.267,40.685,1,1,26.572,26.572,35.929,1,1,3.611,18.107,36.916,2,1,9.942,9.942,35.758,1,1,30.637,30.637,37.085,1,1,16.881,16.881,36.23,1,1,20.551,20.551,48.229,1,1,25.239,30.382,36.402,2,1,4.813,4.813,38.861,1,-1,40.153,40.153,41.523,1,-1,7.243,7.243,37.193,1,1,8.155,8.155,40.794,1,1,8.761,8.761,36.047,1,-1,38.511,38.511,40.415,1,1,31.853,31.853,37.07,1,-1,28.384,28.384,35.801,1,1,16.137,16.137,35.812,1,1,20.64,20.64,36.049,1,-1,18.919,18.919,39.818,1,-1,8.984,8.984,35.585,1,-1,17.585,17.585,37.704,1,1,11.254,11.254,35.668,1,-1,32.971,32.971,36.011,1,-1,16.841,16.841,38.688,1,-1,35.812,35.812,37.748,1,-1,38.688,38.688,40.162,1,-1,13.945,13.945,36.411,1,1,9.046,9.046,38.332,1,1,7.028,7.028,40.186,1,1,36.11,36.11,37.656,1,1,35.454,35.454,36.838,1,1,37.482,37.482,38.733,1,1,37.228,37.228,38.699,1,1,38.547,38.547,39.972,1,1,38.141,38.141,39.431,1,1,1,1,1,1,9,2,9,5,1,9,1,3,7,4,8,3,7,2,1,6,3,7,42,2,5,,,1,,Tennis1325,28,6752532
2018-12-05 15:26:24,2018-12-05 15:56:57,0,100,1833,1,2018-12-05 15:56:57,R_3PvRzcBj4RmngS8,anonymous,EN,1,39.313,39.313,40.068,1,1,11.621,12.317,35.545,2,1,9.529,9.529,41.969,1,1,2.596,3.618,40.339,3,1,24.294,24.294,46.238,1,1,2.027,29.411,37.121,5,1,3.543,4.254,38.356,2,1,1.362,1.707,35.881,2,1,7.786,39.044,42.423,3,-1,9.218,9.218,37.481,1,1,8.256,8.784,38.257,2,1,19.462,20.029,52.669,2,1,2.316,2.316,35.974,1,1,10.575,22.713,40.876,4,1,2.225,2.225,36.28,1,1,16.92,16.92,42.06,1,-1,37.3,37.3,39.118,1,1,17.669,42.294,43.477,2,1,36.753,36.753,40.413,1,1,1.112,1.112,37.484,1,1,1.698,1.698,38.559,1,1,26.995,26.995,35.949,1,1,3.579,5.854,37.429,5,1,34.636,34.636,35.86,1,1,1.329,2.636,35.841,3,-1,3.782,3.782,38.201,1,-1,16.009,16.009,36.403,1,1,20.634,20.634,38.826,1,1,19.282,19.282,47.715,1,1,10.337,10.337,35.764,1,1,10.009,39.044,40.11,2,1,35.882,36.222,36.778,2,1,19.509,19.509,36.944,1,1,10.16,22.648,38.87,2,-1,6.492,24.549,36.174,3,1,25.409,25.409,37.098,1,1,1.545,19.943,36.537,2,-1,3.06,3.06,42.284,1,-1,2.182,12.809,36.552,2,1,8.766,8.766,35.956,1,1,,,,,,,,,,,,,,,,,,,,,,,,,,,,,,,,,,,,,,,,,,,,,,,,,,,,,,,,,,,,,,,,,,,,,,,,,,,,,,,,,,,,,,,,,,,,,,,,,,,,,,,,,,,,,,,,,,,,,,,,,,,,,,,,,,,,,,,,,,,,,,,,,,,,,,,,,,,,,,,,,,,,,,,,,,,,,,,,,,,,,,,,,,,,,,,,,,,,,,,,,8,9,1,9,9,9,9,5,8,9,9,2,6,3,8,5,10,5,1,6,5,10,22,2,5,,,1,,Packers1996,33,8337234
2018-12-05 15:29:54,2018-12-05 15:58:07,0,100,1692,1,2018-12-05 15:58:07,R_5hE49m3fZZQSfeh,anonymous,EN,1,,,,,,,,,,,,,,,,,,,,,,,,,,,,,,,,,,,,,,,,,,,,,,,,,,,,,,,,,,,,,,,,,,,,,,,,,,,,,,,,,,,,,,,,,,,,,,,,,,,,,,,,,,,,,,,,,,,,,,,,,,,,,,,,,,,,,,,,,,,,,,,,,,,,,,,,,,,,,,,,,,,,,,,,,,,,,,,,,,,,,,,,,,,,,,,,,,,,,,,,,20.057,35.632,36.306,4,1,10.414,34.758,36.041,3,1,4.935,4.935,37.097,1,-1,38.39,38.892,39.638,2,-1,38.45,38.45,39.645,1,1,5.992,5.992,36.004,1,1,32.52,34.507,36.029,2,-1,37.799,37.799,38.632,1,-1,25.014,35.958,37.691,2,-1,26.835,34.928,35.77,3,1,24.696,24.696,36.258,1,1,7.276,33.832,35.722,3,-1,32.724,32.724,35.948,1,1,30.665,30.665,37.036,1,-1,30.447,43.787,44.175,2,1,21.089,21.089,36.094,1,1,24.784,36.084,37.606,2,1,21.01,21.01,36.663,1,1,29.632,29.632,37.21,1,1,28.884,36.552,37.835,2,-1,35.721,35.721,36.58,1,1,29.007,29.007,35.796,1,-1,36.899,36.899,37.717,1,-1,33.551,33.551,36.546,1,-1,7.433,32.18,35.912,2,1,16.096,16.096,37.909,1,1,12.4,33.937,36.224,3,-1,13.91,34.118,36.024,2,1,18.191,18.857,36.743,2,-1,36.716,36.716,37.786,1,1,6.966,6.966,38.279,1,-1,4.526,4.526,38.454,1,-1,24.17,24.17,36.171,1,1,22.714,37.078,38.583,2,1,23.711,23.711,39.112,1,1,34.225,35.816,36.371,2,1,37.672,37.672,38.619,1,1,38.805,38.805,39.739,1,-1,23.179,23.179,39.43,1,-1,25.65,25.65,35.839,1,1,5,5,7,1,1,1,1,5,1,1,1,2,10,2,10,2,10,3,1,10,5,10,44,2,5,,,1,,Sox6767,23,4409083
2018-12-05 15:29:00,2018-12-05 15:59:39,0,100,1838,1,2018-12-05 15:59:39,R_22Yb2EllYXA5NJa,anonymous,EN,1,14.413,14.413,35.176,1,1,16.967,35.131,35.466,2,-1,39.918,39.918,40.811,1,1,61.678,62.152,63.166,2,1,23.722,23.722,36.846,1,1,20.344,20.344,38.244,1,1,7.699,7.699,35.747,1,1,2.61,9.894,38.773,2,1,24.822,24.822,36.789,1,1,31.148,32.136,36.651,2,1,20.856,41.887,42.305,5,1,42.118,42.118,43.094,1,1,4.332,38.311,38.735,3,1,4.081,4.081,54.495,1,1,33.951,33.951,35.537,1,1,8.354,8.354,38.783,1,-1,43.197,43.197,43.927,1,1,10.077,10.077,36.209,1,1,37.874,37.874,38.718,1,1,19.007,19.007,36.2,1,1,44.312,46.326,47.157,3,-1,40.242,44.324,44.544,6,-1,34.819,34.819,35.679,1,1,38.999,38.999,40.187,1,-1,27.606,30.65,40.813,2,1,17.057,17.057,36.406,1,1,28.105,28.684,36.43,2,1,22.927,22.927,42.029,1,1,98.123,99.007,99.909,2,1,4.558,40.141,40.432,6,1,6.905,6.905,37.169,1,1,3.016,36.634,37.543,2,1,42.931,44.585,45.511,2,-1,29.213,29.213,39.029,1,1,4.573,27.225,35.622,2,1,4.717,4.717,39.059,1,1,35.122,35.646,36.544,2,1,34.341,34.341,37.352,1,-1,19.021,34.889,35.709,3,1,6.426,6.426,35.619,1,1,,,,,,,,,,,,,,,,,,,,,,,,,,,,,,,,,,,,,,,,,,,,,,,,,,,,,,,,,,,,,,,,,,,,,,,,,,,,,,,,,,,,,,,,,,,,,,,,,,,,,,,,,,,,,,,,,,,,,,,,,,,,,,,,,,,,,,,,,,,,,,,,,,,,,,,,,,,,,,,,,,,,,,,,,,,,,,,,,,,,,,,,,,,,,,,,,,,,,,,,,2,2,5,1,1,1,1,5,1,5,5,3,10,5,10,5,10,4,1,7,7,9,34,2,5,,,1,,1638218,33,1638218
2018-12-05 15:38:55,2018-12-05 16:06:37,0,100,1661,1,2018-12-05 16:06:38,R_1IAAy1xkE61cxTe,anonymous,EN,1,9.2,34.747,35.292,2,1,5.936,5.936,37.206,1,1,8.568,22.161,35.975,3,1,5.582,5.582,36.034,1,-1,14.084,14.084,36.045,1,-1,18.203,35.625,36.183,2,1,6.382,6.382,35.989,1,1,5.796,16.29,36.193,2,1,12.672,26.518,36.169,2,1,16.655,16.655,36.557,1,1,14.287,14.287,36.404,1,-1,12.784,12.784,35.958,1,1,12.097,35.615,36.123,2,1,10.826,35.543,36.174,3,1,12.452,12.452,36.21,1,-1,24.612,24.612,36.434,1,1,10.757,10.757,35.839,1,1,7.367,7.367,35.883,1,1,7.029,15.491,35.904,2,-1,5.254,5.254,35.791,1,1,7.211,7.211,35.8,1,-1,8.126,33.493,36.18,2,-1,32.823,32.823,35.696,1,1,13.515,13.515,36.305,1,1,7.399,7.399,36.253,1,-1,16.45,16.45,35.92,1,1,10.184,10.184,35.767,1,1,18.648,18.648,35.789,1,-1,14.705,14.705,35.795,1,1,33.077,33.077,36.449,1,1,20.097,20.097,38.485,1,1,26.328,26.328,36.382,1,1,6.193,6.193,36.014,1,1,6.043,27.186,35.899,2,1,14.743,14.743,35.936,1,1,5.531,5.531,35.803,1,1,6.793,6.793,36.064,1,-1,22.643,22.643,39.734,1,-1,8.193,8.193,35.802,1,-1,5.474,5.474,35.862,1,-1,,,,,,,,,,,,,,,,,,,,,,,,,,,,,,,,,,,,,,,,,,,,,,,,,,,,,,,,,,,,,,,,,,,,,,,,,,,,,,,,,,,,,,,,,,,,,,,,,,,,,,,,,,,,,,,,,,,,,,,,,,,,,,,,,,,,,,,,,,,,,,,,,,,,,,,,,,,,,,,,,,,,,,,,,,,,,,,,,,,,,,,,,,,,,,,,,,,,,,,,,3,5,2,3,9,6,7,5,3,9,3,2,10,1,10,2,10,3,1,,1,10,40,2,5,,,1,,twain6950,27,4834555
2018-12-05 15:36:11,2018-12-05 16:11:10,0,100,2098,1,2018-12-05 16:11:10,R_1QgEfRH5bmLTrWf,anonymous,EN,1,,,,,,,,,,,,,,,,,,,,,,,,,,,,,,,,,,,,,,,,,,,,,,,,,,,,,,,,,,,,,,,,,,,,,,,,,,,,,,,,,,,,,,,,,,,,,,,,,,,,,,,,,,,,,,,,,,,,,,,,,,,,,,,,,,,,,,,,,,,,,,,,,,,,,,,,,,,,,,,,,,,,,,,,,,,,,,,,,,,,,,,,,,,,,,,,,,,,,,,,,3.609,37.681,38.92,2,-1,43.08,45.629,46.575,2,-1,21.676,24.571,45.702,2,1,52.035,53.178,54.116,2,1,1.656,5.321,41.541,2,1,34.9,37.636,38.965,2,1,5.807,8.152,36.4,2,1,16.229,18.125,58.334,2,1,39.005,40.692,41.848,2,-1,31.227,33.426,36.43,3,1,41.832,44.146,44.577,3,-1,2.244,5.204,38.509,2,-1,38.102,39.679,40.881,2,1,4.291,8.258,42.05,2,-1,46.644,48.7,50.802,2,1,11.106,14.794,116.356,2,1,4.009,6.129,91.479,2,1,3.461,33.701,36.323,4,1,9.963,12.1,39.955,2,-1,15.493,16.627,42.917,2,1,38.319,39.64,40.843,2,-1,12.687,16.092,37.693,3,1,2.454,42.031,43.772,3,1,1.605,5.725,41.964,2,-1,5.083,34.721,36.001,5,-1,45.061,46.91,48.107,4,-1,2.683,5.023,39.427,2,-1,3.121,8.257,41.657,3,-1,11.483,13.573,37.304,2,-1,4.85,10.233,41.934,3,1,34.997,36.351,38.735,2,-1,8.019,10.861,42.007,2,-1,32.773,35.324,36.595,2,-1,64.728,65.832,67.039,2,1,28.952,34.102,36.574,2,1,3.038,8.108,36.584,3,1,51.898,53.554,54.872,2,-1,1.393,35.653,37.031,4,-1,47.491,49.284,50.857,2,-1,2.096,5.698,38.527,3,-1,1,9,1,1,9,1,9,5,1,9,1,4,5,3,4,3,3,7,1,9,10,10,37,2,5,,,2,,ridethetide15,19,1834903
2018-12-05 16:29:13,2018-12-05 17:07:35,0,100,2301,1,2018-12-05 17:07:35,R_ymgndxNIyBPWHTz,anonymous,EN,1,,,,,,,,,,,,,,,,,,,,,,,,,,,,,,,,,,,,,,,,,,,,,,,,,,,,,,,,,,,,,,,,,,,,,,,,,,,,,,,,,,,,,,,,,,,,,,,,,,,,,,,,,,,,,,,,,,,,,,,,,,,,,,,,,,,,,,,,,,,,,,,,,,,,,,,,,,,,,,,,,,,,,,,,,,,,,,,,,,,,,,,,,,,,,,,,,,,,,,,,,8.017,38.214,40.373,2,1,1.047,35.913,37.353,2,1,1.014,40.156,41.737,2,1,2.113,36.465,39.264,2,1,1.112,39.601,41.139,2,1,4.209,37.587,40.442,2,-1,0.842,34.727,36.937,2,-1,0.963,38.217,40.006,2,-1,1.152,36.567,37.752,2,-1,1.34,32.955,36.683,2,1,1.12,37.196,38.601,2,1,1.07,35.62,36.696,2,1,1.632,36.321,37.714,2,1,11.73,48.572,49.895,3,-1,1.442,41.001,42.467,2,-1,3.251,38.143,39.454,2,1,3.912,40.228,41.519,2,1,1.037,37.267,38.931,2,1,1.036,39.052,40.454,2,-1,1.374,39.776,41.096,2,-1,1.298,16.17,36.863,2,-1,1.587,37.606,38.765,2,-1,3.285,37.551,38.736,2,-1,1.052,36.138,37.2,2,1,0.916,33.708,36.276,2,-1,1.41,39.439,40.747,2,-1,1.064,36.067,37.291,2,1,2.563,34.122,37.609,3,-1,1.077,37.174,38.176,2,-1,1.039,39.292,40.496,2,1,0.787,38.878,40.601,2,1,1.116,31.768,37.954,2,-1,1.278,42.411,44.129,2,1,1.069,40.9,41.985,2,1,1.185,38.363,39.976,2,1,1.028,37.078,38.099,2,-1,0.838,37.278,38.423,2,1,2.999,42.542,43.455,2,-1,25.522,40.506,41.925,2,-1,1.207,38.698,40.138,2,1,2,9,1,2,9,2,9,5,2,9,1,1,10,1,10,1,10,7,1,10,10,10,39,2,5,,,2,,2711349,21,2711349
